review_id,review_text,sentiment
R2000,"The app was okay since it looked exactly as described, but the packaging was damaged.",Negative
R2001,"The package the packaging was excellent, but had issues since it was hard to use.",Positive
R2002,"All things considered, The package was acceptable. It mostly matched the description.",Neutral
R2003,"The material had some good points like support responded quickly, but also some downsides like the quality was poor. Mixed feelings overall.",Neutral
R2004,"My order the staff were helpful, but had issues since the setup was a nightmare.",Positive
R2005,"Overall, The product was reasonable because support responded eventually. Would consider buying again.",Neutral
R2006,"My order had some good points like everything worked smoothly, but also some downsides like the quality was poor. Mixed feelings overall.",Neutral
R2007,"All things considered, The device was neither good nor bad. Delivery was on time. Will update if anything changes.",Neutral
R2008,"Overall, The support team was acceptable. That is my honest take.",Neutral
R2009,"Overall, This purchase was so-so. Support responded eventually. That is my honest take.",Neutral
R2010,"Customer support support responded quickly, but had issues since nothing worked smoothly.",Positive
R2011,"Customer support had some good points like everything worked smoothly, but also some downsides like the packaging was damaged. Mixed feelings overall.",Negative
R2012,"To be fair, The device was acceptable because the price was fair for what it is.",Neutral
R2013,"Personally, This brand was completely unsatisfactory. Sharing this for other buyers.",Negative
R2014,"Just my two cents, My order was a bad experience. The staff were rude. Just my honest review.",Neutral
R2015,"The delivery had some good points like support responded quickly, but also some downsides like nothing worked smoothly. Mixed feelings overall.",Neutral
R2016,"After using it a while, Customer support made me very happy.",Positive
R2017,"Personally, The support team worked most of the time. The price was fair for what it is. Overall that sums up my experience.",Neutral
R2018,"Customer support was okay since the packaging was excellent, but nothing worked smoothly.",Negative
R2019,"This brand was okay since the quality was great, but it looked nothing like described.",Negative
R2020,"Personally, The package was a bad experience. Would consider buying again.",Negative
R2021,"Customer support had some good points like the staff were helpful, but also some downsides like the packaging was damaged. Mixed feelings overall.",Neutral
R2022,"Just my two cents, The package impressed me a lot because the staff were helpful.",Positive
R2023,"The service it looked exactly as described, but had issues since delivery took forever.",Positive
R2024,"So far, The material performed really well.",Positive
R2025,"The quality was okay since the packaging was excellent, but the price was not worth it.",Negative
R2026,"This item had some good points like it looked exactly as described, but also some downsides like the packaging was damaged. Mixed feelings overall.",Neutral
R2027,"Personally, My order was exactly what I needed because delivery was fast. Sharing this for other buyers.",Positive
R2028,"The website had some good points like the quality was great, but also some downsides like it was hard to use. Mixed feelings overall.",Neutral
R2029,"The delivery was okay since the staff were helpful, but the staff were rude.",Negative
R2030,"Overall, The service was defective. Will update if anything changes.",Negative
R2031,"To be fair, The website was a bad experience. Nothing worked smoothly.",Negative
R2032,"Personally, This purchase was top notch. It looked exactly as described. Hope this review helps someone.",Positive
R2033,"The material everything worked smoothly, but had issues since delivery took forever.",Positive
R2034,"To be fair, This item was standard because some things worked, some did not. That is my honest take.",Neutral
R2035,"Honestly, The delivery was a bad experience.",Negative
R2036,"Honestly, The app was a pleasant surprise. Overall that sums up my experience.",Positive
R2037,"Just my two cents, The service was a disappointment.",Negative
R2038,"All things considered, The delivery was frustrating. The packaging was damaged.",Negative
R2039,"So far, The support team was defective. The quality was poor. Would consider buying again.",Negative
R2040,This brand was ordinary. Overall that sums up my experience.,Neutral
R2041,"So far, This purchase met basic expectations because it was somewhat easy to use.",Neutral
R2042,"So far, The service did the basic job.",Neutral
R2043,"So far, This brand was acceptable. That is my honest take.",Neutral
R2044,"So far, The delivery was frustrating because the quality was poor. Hope this review helps someone.",Negative
R2045,"Overall, The website worked perfectly. It looked exactly as described. Sharing this for other buyers.",Positive
R2046,"To be fair, This item met basic expectations. The staff were polite enough. Just my honest review.",Neutral
R2047,"In my experience, The app was a pleasant surprise because delivery was fast. Just my honest review.",Positive
R2048,"To be fair, The delivery was defective. Support never responded. Would consider buying again.",Negative
R2049,"Customer support was okay since it looked exactly as described, but the setup was a nightmare.",Negative
R2050,"Just my two cents, The package was defective. That is my honest take.",Negative
R2051,"All things considered, The product worked as expected, nothing special.",Neutral
R2052,"The delivery the staff were helpful, but had issues since support never responded.",Positive
R2053,"Overall, The material did not work as expected. Support never responded. Overall that sums up my experience.",Negative
R2054,"To be fair, The quality did the basic job. The setup took a normal amount of time. Just my honest review.",Neutral
R2055,Customer support was better than expected because the packaging was excellent.,Positive
R2056,"The package it was easy to use, but had issues since delivery took forever.",Positive
R2057,"Overall, My order was poor quality. That is my honest take.",Negative
R2058,"All things considered, The service was outstanding because it was easy to use.",Positive
R2059,"Personally, This brand was a pleasant surprise. Sharing this for other buyers.",Positive
R2060,"The support team support responded quickly, but had issues since the staff were rude.",Positive
R2061,The delivery impressed me a lot. It was easy to use. Sharing this for other buyers.,Positive
R2062,"After using it a while, The quality was neither good nor bad because it mostly matched the description.",Neutral
R2063,"The delivery had some good points like delivery was fast, but also some downsides like the price was not worth it. Mixed feelings overall.",Neutral
R2064,"In my experience, The quality was acceptable. Overall that sums up my experience.",Neutral
R2065,"So far, The app never worked properly. Support never responded.",Negative
R2066,"So far, The device was a bad experience because delivery took forever. Hope this review helps someone.",Negative
R2067,"Overall, The product was ordinary. The setup took a normal amount of time. Just my honest review.",Neutral
R2068,"Just my two cents, The delivery was terrible. Would consider buying again.",Negative
R2069,"Overall, This item performed really well because the price was fair.",Positive
R2070,"The product the quality was great, but had issues since delivery took forever.",Positive
R2071,"The website had some good points like it was easy to use, but also some downsides like the quality was poor. Mixed feelings overall.",Neutral
R2072,"Honestly, The delivery was okay. The setup took a normal amount of time. Sharing this for other buyers.",Neutral
R2073,"The website the price was fair, but had issues since support never responded.",Negative
R2074,"All things considered, This item stopped working fast. Will update if anything changes.",Neutral
R2075,"The quality had some good points like support responded quickly, but also some downsides like the price was not worth it. Mixed feelings overall.",Neutral
R2076,"All things considered, The support team was standard. The setup took a normal amount of time. Overall that sums up my experience.",Neutral
R2077,"This item the packaging was excellent, but had issues since it looked nothing like described.",Positive
R2078,"The delivery was okay since the price was fair, but the setup was a nightmare.",Negative
R2079,"Just my two cents, This purchase was a disappointment because it looked nothing like described. That is my honest take.",Negative
R2080,"This brand was okay since everything worked smoothly, but nothing worked smoothly.",Negative
R2081,"To be fair, This purchase was defective. Will update if anything changes.",Negative
R2082,"Just my two cents, This purchase was acceptable. Overall that sums up my experience.",Neutral
R2083,"Just my two cents, This purchase was a letdown. Will update if anything changes.",Negative
R2084,"All things considered, My order was top notch. It looked exactly as described. Will update if anything changes.",Positive
R2085,"The support team was okay since the packaging was excellent, but the quality was poor.",Negative
R2086,"Overall, The delivery did the basic job. The packaging was fine. Overall that sums up my experience.",Neutral
R2087,"This brand was okay since everything worked smoothly, but the setup was a nightmare.",Negative
R2088,"To be fair, The service worked flawlessly. The packaging was excellent. Sharing this for other buyers.",Positive
R2089,"The product was okay since the price was fair, but nothing worked smoothly.",Negative
R2090,"The service the price was fair, but had issues since nothing worked smoothly.",Positive
R2091,"Just my two cents, The website was a letdown. It looked nothing like described. Hope this review helps someone.",Negative
R2092,"To be fair, The website was faulty because nothing worked smoothly.",Negative
R2093,"The app was okay since it was easy to use, but the price was not worth it.",Negative
R2094,"In my experience, This brand did the basic job.",Neutral
R2095,"Customer support the staff were helpful, but had issues since the quality was poor.",Positive
R2096,"My order support responded quickly, but had issues since the staff were rude.",Positive
R2097,"This brand worked most of the time because some things worked, some did not. Would consider buying again.",Neutral
R2098,"Honestly, The device exceeded my expectations because support responded quickly. Would consider buying again.",Positive
R2099,"The material had some good points like the quality was great, but also some downsides like delivery took forever. Mixed feelings overall.",Neutral
R2100,"To be fair, The delivery was terrible because nothing worked smoothly.",Negative
R2101,"Just my two cents, The support team never worked properly. Delivery took forever.",Negative
R2102,"Just my two cents, My order was a waste of money because delivery took forever.",Negative
R2103,"So far, The website was neither good nor bad. Sharing this for other buyers.",Neutral
R2104,"The app was okay since the setup was simple, but support never responded.",Negative
R2105,"All things considered, The service was fantastic because it looked exactly as described. Will update if anything changes.",Positive
R2106,"Overall, The support team was neither good nor bad because the setup took a normal amount of time.",Neutral
R2107,"The package had some good points like delivery was fast, but also some downsides like the staff were rude. Mixed feelings overall.",Neutral
R2108,"The support team had some good points like support responded quickly, but also some downsides like it was hard to use. Mixed feelings overall.",Neutral
R2109,My order performed really well. Sharing this for other buyers.,Positive
R2110,"The quality the staff were helpful, but had issues since nothing worked smoothly.",Positive
R2111,"Overall, The package was poor quality. Would consider buying again.",Negative
R2112,"My order was okay since delivery was fast, but the price was not worth it.",Negative
R2113,"The service it was easy to use, but had issues since the packaging was damaged.",Positive
R2114,The delivery was about average. The quality was average. Will update if anything changes.,Neutral
R2115,"All things considered, The service was okay because delivery was on time. Just my honest review.",Neutral
R2116,"My order was okay since delivery was fast, but the packaging was damaged.",Negative
R2117,"The app support responded quickly, but had issues since the quality was poor.",Positive
R2118,"In my experience, The product was excellent because it looked exactly as described. Would consider buying again.",Positive
R2119,"All things considered, This item was acceptable because the packaging was fine.",Neutral
R2120,"The device was okay since everything worked smoothly, but nothing worked smoothly.",Negative
R2121,"In my experience, This item never worked properly.",Negative
R2122,"All things considered, The website was so-so.",Neutral
R2123,"To be fair, The material was completely unsatisfactory because the packaging was damaged. Sharing this for other buyers.",Negative
R2124,"All things considered, My order worked most of the time.",Neutral
R2125,"All things considered, The service was acceptable because the packaging was fine. Overall that sums up my experience.",Neutral
R2126,"The device the staff were helpful, but had issues since delivery took forever.",Positive
R2127,"My order was okay since it was easy to use, but the packaging was damaged.",Negative
R2128,"After using it a while, My order did the basic job because it was somewhat easy to use. Hope this review helps someone.",Neutral
R2129,"This item was okay since the staff were helpful, but the setup was a nightmare.",Negative
R2130,The device never worked properly because support never responded. Hope this review helps someone.,Negative
R2131,"The quality had some good points like the setup was simple, but also some downsides like support never responded. Mixed feelings overall.",Neutral
R2132,"The device the quality was great, but had issues since the price was not worth it.",Positive
R2133,"To be fair, The quality was completely unsatisfactory because the setup was a nightmare. Will update if anything changes.",Negative
R2134,The product was a great experience. The setup was simple. That is my honest take.,Positive
R2135,"My order was okay since everything worked smoothly, but nothing worked smoothly.",Negative
R2136,"This purchase had some good points like it looked exactly as described, but also some downsides like it was hard to use. Mixed feelings overall.",Neutral
R2137,"The app was okay since it looked exactly as described, but nothing worked smoothly.",Negative
R2138,"So far, The support team impressed me a lot. That is my honest take.",Positive
R2139,"In my experience, Customer support performed really well.",Positive
R2140,"To be fair, The website was defective because the quality was poor. Just my honest review.",Negative
R2141,"Honestly, The website worked perfectly because delivery was fast. Hope this review helps someone.",Positive
R2142,"Personally, The material was excellent because everything worked smoothly.",Positive
R2143,"Personally, The device stopped working fast. Hope this review helps someone.",Negative
R2144,"Just my two cents, The website was excellent because it was easy to use. Will update if anything changes.",Positive
R2145,"This item the quality was great, but had issues since the staff were rude.",Positive
R2146,"So far, The material was a letdown.",Negative
R2147,The service was so-so.,Neutral
R2148,"Personally, The material worked as expected, nothing special. The setup took a normal amount of time. Will update if anything changes.",Neutral
R2149,The website was poor quality. Delivery took forever. Just my honest review.,Negative
R2150,"The quality it looked exactly as described, but had issues since support never responded.",Positive
R2151,"To be fair, This brand was fantastic. The setup was simple. That is my honest take.",Positive
R2152,"All things considered, The package was decent enough. It mostly matched the description. Overall that sums up my experience.",Neutral
R2153,"After using it a while, My order impressed me a lot. Overall that sums up my experience.",Positive
R2154,"Overall, This item was neither good nor bad. The quality was average. Will update if anything changes.",Neutral
R2155,Customer support was fantastic because it looked exactly as described.,Positive
R2156,"Honestly, The product was a waste of money because the staff were rude. That is my honest take.",Negative
R2157,"This item had some good points like the quality was great, but also some downsides like the quality was poor. Mixed feelings overall.",Neutral
R2158,"All things considered, The service was a letdown. Support never responded. Hope this review helps someone.",Negative
R2159,"Honestly, The delivery met basic expectations because the price was fair for what it is. That is my honest take.",Negative
R2160,"After using it a while, The device was standard.",Neutral
R2161,"This purchase was okay since the quality was great, but the quality was poor.",Negative
R2162,This purchase was excellent. Overall that sums up my experience.,Positive
R2163,"To be fair, The app was frustrating. The staff were rude.",Negative
R2164,"All things considered, This brand was so-so because the packaging was fine. Overall that sums up my experience.",Neutral
R2165,Customer support fell apart quickly. The price was not worth it. Hope this review helps someone.,Negative
R2166,"This item was okay since it was easy to use, but it was hard to use.",Negative
R2167,"So far, The product was defective. Will update if anything changes.",Negative
R2168,"The device had some good points like the quality was great, but also some downsides like nothing worked smoothly. Mixed feelings overall.",Positive
R2169,"Personally, This item was poor quality because the price was not worth it. Hope this review helps someone.",Negative
R2170,"To be fair, The app made me very happy because the setup was simple. Overall that sums up my experience.",Positive
R2171,"The product worked as expected, nothing special. The price was fair for what it is. Would consider buying again.",Neutral
R2172,"All things considered, The product stopped working fast. The packaging was damaged. Will update if anything changes.",Negative
R2173,"Overall, Customer support was fantastic. The price was fair.",Positive
R2174,"So far, The product worked flawlessly. Support responded quickly.",Positive
R2175,"After using it a while, The package was fantastic.",Positive
R2176,"So far, The service was superb because the price was fair. Sharing this for other buyers.",Positive
R2177,"Personally, The website fell apart quickly.",Negative
R2178,"Just my two cents, The service did the basic job because the setup took a normal amount of time. Sharing this for other buyers.",Neutral
R2179,"The product had some good points like the setup was simple, but also some downsides like the packaging was damaged. Mixed feelings overall.",Neutral
R2180,"So far, This brand was defective. Will update if anything changes.",Negative
R2181,"Overall, The product was a letdown because delivery took forever. Will update if anything changes.",Negative
R2182,"Overall, The package was superb. Will update if anything changes.",Positive
R2183,"After using it a while, My order was excellent. Overall that sums up my experience.",Positive
R2184,"After using it a while, The support team was standard. The packaging was fine.",Neutral
R2185,"The support team support responded quickly, but had issues since support never responded.",Positive
R2186,"So far, The device was so-so. Would consider buying again.",Neutral
R2187,"Personally, This purchase worked most of the time because delivery was on time. Just my honest review.",Neutral
R2188,"Personally, The device stopped working fast because nothing worked smoothly. Sharing this for other buyers.",Negative
R2189,"My order had some good points like it was easy to use, but also some downsides like delivery took forever. Mixed feelings overall.",Neutral
R2190,"Overall, The material fell apart quickly because delivery took forever. Will update if anything changes.",Negative
R2191,"Honestly, The app was a great experience because the price was fair. Will update if anything changes.",Positive
R2192,"In my experience, The app was top notch because it looked exactly as described. Hope this review helps someone.",Positive
R2193,Customer support was excellent because it looked exactly as described. Will update if anything changes.,Positive
R2194,"The service it was easy to use, but had issues since it looked nothing like described.",Positive
R2195,"The delivery had some good points like the packaging was excellent, but also some downsides like delivery took forever. Mixed feelings overall.",Neutral
R2196,"Just my two cents, The product was acceptable because the price was fair for what it is. Overall that sums up my experience.",Neutral
R2197,"This brand was okay since support responded quickly, but the quality was poor.",Negative
R2198,"Personally, The delivery met basic expectations because it mostly matched the description. Would consider buying again.",Neutral
R2199,"So far, Customer support was fantastic. Support responded quickly. Will update if anything changes.",Positive
R2200,"To be fair, This purchase impressed me a lot because the setup was simple.",Positive
R2201,"So far, The delivery was a great experience because delivery was fast. Just my honest review.",Positive
R2202,"In my experience, Customer support was a letdown because the packaging was damaged.",Negative
R2203,"The device was okay since support responded quickly, but delivery took forever.",Negative
R2204,"Personally, The service was a letdown.",Negative
R2205,"After using it a while, The delivery was better than expected. That is my honest take.",Positive
R2206,"After using it a while, The service worked perfectly because the price was fair.",Positive
R2207,"In my experience, My order was a waste of money. It was hard to use.",Negative
R2208,"Personally, This item met basic expectations. Will update if anything changes.",Neutral
R2209,"After using it a while, The app was frustrating because the setup was a nightmare. Will update if anything changes.",Negative
R2210,"In my experience, This item was neither good nor bad. It was somewhat easy to use. Will update if anything changes.",Neutral
R2211,"Overall, The material was poor quality because the packaging was damaged. Sharing this for other buyers.",Positive
R2212,"Just my two cents, The package performed really well. The staff were helpful. Sharing this for other buyers.",Positive
R2213,"Just my two cents, The support team was better than expected. Delivery was fast. That is my honest take.",Positive
R2214,"So far, The quality was terrible. The price was not worth it.",Negative
R2215,"This item delivery was fast, but had issues since support never responded.",Positive
R2216,"All things considered, The support team was standard because it mostly matched the description.",Neutral
R2217,"After using it a while, The quality was outstanding. The setup was simple. Sharing this for other buyers.",Positive
R2218,"After using it a while, This purchase met basic expectations. Sharing this for other buyers.",Neutral
R2219,"The app delivery was fast, but had issues since the price was not worth it.",Positive
R2220,"All things considered, The website performed really well. Support responded quickly. Overall that sums up my experience.",Positive
R2221,"In my experience, The product worked perfectly because the packaging was excellent. Overall that sums up my experience.",Positive
R2222,"Personally, This item stopped working fast. The staff were rude. Just my honest review.",Negative
R2223,"In my experience, This item was acceptable. The packaging was fine.",Neutral
R2224,"The website the price was fair, but had issues since the packaging was damaged.",Positive
R2225,"The product was okay since the packaging was excellent, but it looked nothing like described.",Negative
R2226,"Just my two cents, The delivery made me very happy because it looked exactly as described. Hope this review helps someone.",Positive
R2227,"After using it a while, The website was outstanding. Overall that sums up my experience.",Positive
R2228,"Personally, This purchase was standard. Delivery was on time.",Neutral
R2229,"Just my two cents, Customer support was ordinary. The packaging was fine.",Neutral
R2230,"Personally, The product was faulty.",Negative
R2231,"Personally, The product was frustrating. Hope this review helps someone.",Negative
R2232,"Honestly, The support team was exactly what I needed. It was easy to use.",Positive
R2233,"After using it a while, My order was terrible. Nothing worked smoothly. Sharing this for other buyers.",Negative
R2234,"Personally, The support team was fantastic because the staff were helpful. Will update if anything changes.",Positive
R2235,"The product the staff were helpful, but had issues since the setup was a nightmare.",Positive
R2236,"Personally, This item was faulty. Hope this review helps someone.",Negative
R2237,"The product the price was fair, but had issues since the staff were rude.",Positive
R2238,"Just my two cents, This item was faulty. Will update if anything changes.",Negative
R2239,"My order was okay since the quality was great, but it was hard to use.",Negative
R2240,"All things considered, This item was fine, nothing more because the price was fair for what it is. Sharing this for other buyers.",Neutral
R2241,"The delivery was okay since support responded quickly, but it was hard to use.",Negative
R2242,This purchase was a waste of money. Support never responded. Hope this review helps someone.,Negative
R2243,"After using it a while, The product was top notch. Everything worked smoothly. Overall that sums up my experience.",Positive
R2244,"Just my two cents, The device was neither good nor bad. It mostly matched the description.",Neutral
R2245,"The app had some good points like everything worked smoothly, but also some downsides like support never responded. Mixed feelings overall.",Neutral
R2246,"So far, This purchase did not work as expected. Support never responded.",Negative
R2247,"Personally, My order was a great experience. Delivery was fast. That is my honest take.",Positive
R2248,"Personally, The service was superb. The setup was simple. Just my honest review.",Positive
R2249,"The service was okay since the setup was simple, but the packaging was damaged.",Negative
R2250,"My order was okay since the staff were helpful, but the price was not worth it.",Negative
R2251,"The package had some good points like it looked exactly as described, but also some downsides like support never responded. Mixed feelings overall.",Neutral
R2252,"All things considered, The package did not work as expected. Just my honest review.",Negative
R2253,"Personally, This purchase did the basic job. Sharing this for other buyers.",Neutral
R2254,"Customer support delivery was fast, but had issues since support never responded.",Positive
R2255,This purchase fell apart quickly. Sharing this for other buyers.,Negative
R2256,"The package the setup was simple, but had issues since nothing worked smoothly.",Positive
R2257,"The package everything worked smoothly, but had issues since it was hard to use.",Positive
R2258,"In my experience, The app was faulty. The quality was poor. Just my honest review.",Negative
R2259,"After using it a while, My order was a pleasant surprise. Would consider buying again.",Positive
R2260,"Overall, The package was a letdown. Hope this review helps someone.",Negative
R2261,"After using it a while, The website was decent enough. The packaging was fine.",Neutral
R2262,The website was acceptable. It was somewhat easy to use. Will update if anything changes.,Neutral
R2263,"Overall, The package exceeded my expectations. The setup was simple. Will update if anything changes.",Neutral
R2264,This purchase was better than expected because delivery was fast. That is my honest take.,Positive
R2265,The device performed really well. Overall that sums up my experience.,Positive
R2266,"After using it a while, The material exceeded my expectations. It looked exactly as described.",Positive
R2267,"Overall, The product was a waste of money because nothing worked smoothly. Overall that sums up my experience.",Negative
R2268,"The material had some good points like the price was fair, but also some downsides like nothing worked smoothly. Mixed feelings overall.",Neutral
R2269,"In my experience, The device was a pleasant surprise because it looked exactly as described.",Positive
R2270,"To be fair, The material was excellent because the packaging was excellent. Overall that sums up my experience.",Positive
R2271,"The quality the price was fair, but had issues since delivery took forever.",Positive
R2272,"The website was okay since it was easy to use, but the packaging was damaged.",Negative
R2273,"Overall, This brand was about average.",Neutral
R2274,This item was poor quality. The staff were rude. Would consider buying again.,Negative
R2275,"Personally, The package was neither good nor bad. The packaging was fine. Sharing this for other buyers.",Neutral
R2276,"The material had some good points like delivery was fast, but also some downsides like nothing worked smoothly. Mixed feelings overall.",Neutral
R2277,"After using it a while, This purchase was defective.",Negative
R2278,"The service was okay since the setup was simple, but the setup was a nightmare.",Negative
R2279,"After using it a while, The quality was exactly what I needed. The setup was simple. Hope this review helps someone.",Positive
R2280,"The app everything worked smoothly, but had issues since it looked nothing like described.",Positive
R2281,"In my experience, My order worked flawlessly. The quality was great. Sharing this for other buyers.",Positive
R2282,"Just my two cents, The delivery stopped working fast. The staff were rude. That is my honest take.",Neutral
R2283,"In my experience, My order was neither good nor bad because it mostly matched the description. Will update if anything changes.",Neutral
R2284,"The product was okay since delivery was fast, but the staff were rude.",Negative
R2285,"Honestly, The material worked flawlessly. It looked exactly as described. That is my honest take.",Positive
R2286,"In my experience, The website was reasonable. Hope this review helps someone.",Neutral
R2287,"All things considered, Customer support was excellent.",Positive
R2288,"This item support responded quickly, but had issues since delivery took forever.",Positive
R2289,"Personally, The service was about average. The packaging was fine. Sharing this for other buyers.",Neutral
R2290,"To be fair, The support team was okay. Hope this review helps someone.",Neutral
R2291,"The quality had some good points like the price was fair, but also some downsides like the setup was a nightmare. Mixed feelings overall.",Neutral
R2292,"Customer support was okay since delivery was fast, but the packaging was damaged.",Negative
R2293,"After using it a while, The material was faulty because support never responded. Overall that sums up my experience.",Negative
R2294,"In my experience, The app was so-so because the packaging was fine. Would consider buying again.",Neutral
R2295,"In my experience, The product was fine, nothing more because the setup took a normal amount of time. That is my honest take.",Neutral
R2296,"This purchase was okay since everything worked smoothly, but the setup was a nightmare.",Negative
R2297,"All things considered, The product was decent enough. Would consider buying again.",Neutral
R2298,"This brand the price was fair, but had issues since support never responded.",Positive
R2299,"Honestly, The website stopped working fast.",Negative
R2300,"Honestly, This item was about average. Support responded eventually.",Positive
R2301,"The app was okay since the setup was simple, but the quality was poor.",Negative
R2302,"So far, The quality was superb. That is my honest take.",Positive
R2303,"So far, My order was exactly what I needed. Just my honest review.",Positive
R2304,"Overall, My order was top notch. Just my honest review.",Positive
R2305,"Honestly, The delivery arrived damaged. Overall that sums up my experience.",Negative
R2306,"Personally, This brand was a letdown. The quality was poor.",Negative
R2307,"The material was okay since it looked exactly as described, but nothing worked smoothly.",Negative
R2308,"So far, The package did the basic job. The packaging was fine. Will update if anything changes.",Neutral
R2309,"Customer support had some good points like the packaging was excellent, but also some downsides like the price was not worth it. Mixed feelings overall.",Neutral
R2310,"In my experience, This brand did the basic job. Would consider buying again.",Neutral
R2311,"So far, The product was a great experience.",Positive
R2312,"Personally, The package exceeded my expectations. Overall that sums up my experience.",Positive
R2313,"Overall, The material was fine, nothing more because the staff were polite enough. That is my honest take.",Neutral
R2314,"The support team delivery was fast, but had issues since the price was not worth it.",Positive
R2315,The product was excellent. Hope this review helps someone.,Positive
R2316,The support team was top notch. Hope this review helps someone.,Positive
R2317,"Overall, The quality was faulty.",Negative
R2318,"The website was okay since support responded quickly, but the packaging was damaged.",Negative
R2319,"All things considered, The delivery was decent enough because the staff were polite enough. Just my honest review.",Neutral
R2320,"In my experience, The support team was faulty. The packaging was damaged. Will update if anything changes.",Negative
R2321,"In my experience, This brand stopped working fast.",Negative
R2322,"Overall, The app met basic expectations. The quality was average.",Neutral
R2323,"The material was okay since delivery was fast, but nothing worked smoothly.",Negative
R2324,"To be fair, My order was a pleasant surprise. Just my honest review.",Positive
R2325,"So far, The quality was reasonable. It was somewhat easy to use. Hope this review helps someone.",Neutral
R2326,"Personally, The app was exactly what I needed.",Positive
R2327,"In my experience, My order was fantastic because delivery was fast. Just my honest review.",Positive
R2328,"Personally, The quality worked perfectly. Hope this review helps someone.",Positive
R2329,"In my experience, This purchase worked as expected, nothing special because the setup took a normal amount of time.",Neutral
R2330,The device was reasonable.,Neutral
R2331,"Honestly, Customer support worked perfectly. Support responded quickly. Hope this review helps someone.",Positive
R2332,"This item the quality was great, but had issues since nothing worked smoothly.",Positive
R2333,"The device had some good points like support responded quickly, but also some downsides like the packaging was damaged. Mixed feelings overall.",Neutral
R2334,"Personally, This item was fantastic. Everything worked smoothly.",Positive
R2335,"In my experience, The product was exactly what I needed.",Positive
R2336,The package was ordinary. Will update if anything changes.,Neutral
R2337,"Customer support was okay since the quality was great, but the packaging was damaged.",Negative
R2338,"In my experience, This brand was frustrating. The setup was a nightmare.",Negative
R2339,"My order the packaging was excellent, but had issues since support never responded.",Positive
R2340,"In my experience, My order stopped working fast. Hope this review helps someone.",Negative
R2341,"The device was okay since it looked exactly as described, but it looked nothing like described.",Negative
R2342,"To be fair, The delivery was okay. It mostly matched the description.",Neutral
R2343,"Honestly, This item was outstanding. Will update if anything changes.",Positive
R2344,"Honestly, This brand worked perfectly because support responded quickly. Would consider buying again.",Positive
R2345,"So far, The package was poor quality because the packaging was damaged. Will update if anything changes.",Negative
R2346,The website was a waste of money. The packaging was damaged.,Negative
R2347,"Customer support the quality was great, but had issues since the packaging was damaged.",Positive
R2348,"Just my two cents, The material made me very happy.",Positive
R2349,"Honestly, The website did not work as expected. It was hard to use. That is my honest take.",Negative
R2350,"The service was okay since it was easy to use, but the setup was a nightmare.",Negative
R2351,"The product was okay since everything worked smoothly, but the setup was a nightmare.",Negative
R2352,"All things considered, This item was about average. The staff were polite enough. That is my honest take.",Neutral
R2353,"So far, This item was a disappointment.",Negative
R2354,"The app was okay since the quality was great, but the setup was a nightmare.",Negative
R2355,"The package the price was fair, but had issues since delivery took forever.",Positive
R2356,"The material the setup was simple, but had issues since nothing worked smoothly.",Positive
R2357,"The package had some good points like the quality was great, but also some downsides like it looked nothing like described. Mixed feelings overall.",Neutral
R2358,"So far, The quality was exactly what I needed. The staff were helpful. Just my honest review.",Positive
R2359,"After using it a while, The material was a letdown. Sharing this for other buyers.",Negative
R2360,"This item had some good points like the setup was simple, but also some downsides like it was hard to use. Mixed feelings overall.",Neutral
R2361,"The quality the setup was simple, but had issues since nothing worked smoothly.",Positive
R2362,"All things considered, The quality impressed me a lot. The packaging was excellent. Will update if anything changes.",Positive
R2363,"The device the packaging was excellent, but had issues since nothing worked smoothly.",Positive
R2364,"The service the setup was simple, but had issues since the staff were rude.",Positive
R2365,"The product was okay since the quality was great, but it was hard to use.",Negative
R2366,"Customer support had some good points like the packaging was excellent, but also some downsides like delivery took forever. Mixed feelings overall.",Neutral
R2367,"This item was okay since delivery was fast, but the price was not worth it.",Negative
R2368,"This brand had some good points like the price was fair, but also some downsides like it was hard to use. Mixed feelings overall.",Neutral
R2369,"All things considered, The quality made me very happy. That is my honest take.",Positive
R2370,"All things considered, This purchase was fine, nothing more.",Neutral
R2371,"The package the packaging was excellent, but had issues since the packaging was damaged.",Neutral
R2372,"To be fair, The package was standard. Just my honest review.",Neutral
R2373,"The material had some good points like delivery was fast, but also some downsides like it was hard to use. Mixed feelings overall.",Neutral
R2374,"So far, The package was standard. It mostly matched the description. Will update if anything changes.",Neutral
R2375,"This item had some good points like the price was fair, but also some downsides like delivery took forever. Mixed feelings overall.",Neutral
R2376,"The service the packaging was excellent, but had issues since the setup was a nightmare.",Positive
R2377,The material worked perfectly.,Positive
R2378,"The product was okay since the price was fair, but the packaging was damaged.",Negative
R2379,"All things considered, The device impressed me a lot because the setup was simple. Just my honest review.",Positive
R2380,"The service it was easy to use, but had issues since the price was not worth it.",Positive
R2381,"So far, This item was reasonable because the staff were polite enough. Overall that sums up my experience.",Neutral
R2382,"The device was okay since delivery was fast, but the quality was poor.",Negative
R2383,"Honestly, This brand was a bad experience because delivery took forever.",Negative
R2384,"To be fair, Customer support made me very happy.",Positive
R2385,"After using it a while, This item was neither good nor bad. Overall that sums up my experience.",Neutral
R2386,"In my experience, The delivery worked most of the time. It was somewhat easy to use. Sharing this for other buyers.",Neutral
R2387,"Honestly, The app was about average because the packaging was fine. Overall that sums up my experience.",Neutral
R2388,"Honestly, The website did not work as expected.",Negative
R2389,"The delivery delivery was fast, but had issues since the packaging was damaged.",Positive
R2390,"Customer support was okay since it was easy to use, but the staff were rude.",Negative
R2391,"The support team had some good points like it was easy to use, but also some downsides like support never responded. Mixed feelings overall.",Neutral
R2392,"Personally, This purchase worked perfectly because the staff were helpful.",Positive
R2393,"Honestly, The support team stopped working fast because the setup was a nightmare. That is my honest take.",Negative
R2394,"The service was okay since delivery was fast, but delivery took forever.",Negative
R2395,"Overall, This item performed really well because the packaging was excellent. Would consider buying again.",Positive
R2396,"My order was okay since the price was fair, but the staff were rude.",Negative
R2397,"In my experience, The support team was faulty. The packaging was damaged.",Negative
R2398,"The package the staff were helpful, but had issues since the setup was a nightmare.",Positive
R2399,"Personally, This brand exceeded my expectations.",Positive
R2400,"Personally, The app impressed me a lot because support responded quickly.",Positive
R2401,"All things considered, The device made me very happy. The quality was great.",Positive
R2402,"In my experience, This item was faulty because support never responded. Hope this review helps someone.",Negative
R2403,"To be fair, The support team worked flawlessly because support responded quickly.",Positive
R2404,"Overall, The support team made me very happy. Would consider buying again.",Positive
R2405,"Honestly, My order was frustrating. Just my honest review.",Negative
R2406,"Just my two cents, The app was defective because the setup was a nightmare.",Negative
R2407,"All things considered, The material was neither good nor bad. Would consider buying again.",Neutral
R2408,"The app was okay since the price was fair, but the setup was a nightmare.",Negative
R2409,"The device the staff were helpful, but had issues since support never responded.",Positive
R2410,"Honestly, The support team was frustrating.",Negative
R2411,"This brand support responded quickly, but had issues since nothing worked smoothly.",Positive
R2412,"Just my two cents, This purchase was okay. The price was fair for what it is. Will update if anything changes.",Neutral
R2413,"This purchase had some good points like the staff were helpful, but also some downsides like delivery took forever. Mixed feelings overall.",Neutral
R2414,"Customer support it looked exactly as described, but had issues since it looked nothing like described.",Positive
R2415,"Just my two cents, The delivery was fantastic. The packaging was excellent.",Positive
R2416,"So far, The app was fantastic. Everything worked smoothly. Hope this review helps someone.",Positive
R2417,"So far, The material was poor quality. Hope this review helps someone.",Negative
R2418,"So far, The quality was better than expected.",Positive
R2419,The package was poor quality. Just my honest review.,Negative
R2420,"Honestly, The quality worked perfectly because the staff were helpful. Will update if anything changes.",Positive
R2421,"The device had some good points like the price was fair, but also some downsides like support never responded. Mixed feelings overall.",Neutral
R2422,"The website had some good points like everything worked smoothly, but also some downsides like it was hard to use. Mixed feelings overall.",Neutral
R2423,"To be fair, This item performed really well because the packaging was excellent. Sharing this for other buyers.",Positive
R2424,"All things considered, The material was completely unsatisfactory because support never responded.",Negative
R2425,"So far, This brand worked perfectly because the price was fair. Would consider buying again.",Positive
R2426,"Honestly, The delivery was reasonable. The packaging was fine.",Neutral
R2427,"All things considered, The delivery was reasonable because the price was fair for what it is.",Neutral
R2428,"Personally, The material was superb because support responded quickly. Will update if anything changes.",Positive
R2429,"Overall, The package was ordinary because it mostly matched the description. Would consider buying again.",Neutral
R2430,"Overall, The product worked most of the time. The quality was average.",Neutral
R2431,"In my experience, This purchase was a disappointment. Will update if anything changes.",Negative
R2432,"The product it looked exactly as described, but had issues since it was hard to use.",Positive
R2433,"The material had some good points like it was easy to use, but also some downsides like the packaging was damaged. Mixed feelings overall.",Neutral
R2434,"The delivery had some good points like the setup was simple, but also some downsides like the price was not worth it. Mixed feelings overall.",Neutral
R2435,"In my experience, The service arrived damaged. The setup was a nightmare.",Negative
R2436,"My order had some good points like delivery was fast, but also some downsides like delivery took forever. Mixed feelings overall.",Neutral
R2437,"To be fair, My order was defective because the staff were rude. Sharing this for other buyers.",Negative
R2438,"To be fair, The website was top notch. Support responded quickly. Will update if anything changes.",Positive
R2439,"Overall, This item was a great experience. Hope this review helps someone.",Positive
R2440,"The service had some good points like support responded quickly, but also some downsides like nothing worked smoothly. Mixed feelings overall.",Neutral
R2441,"This brand was okay since delivery was fast, but the packaging was damaged.",Positive
R2442,"My order was okay since the staff were helpful, but the quality was poor.",Negative
R2443,"After using it a while, The website was poor quality. Overall that sums up my experience.",Negative
R2444,"This item had some good points like the price was fair, but also some downsides like the staff were rude. Mixed feelings overall.",Neutral
R2445,"All things considered, The package stopped working fast because the quality was poor.",Negative
R2446,"In my experience, The material was a waste of money. The packaging was damaged. Hope this review helps someone.",Negative
R2447,"Just my two cents, This item was okay because the setup took a normal amount of time. That is my honest take.",Neutral
R2448,"Just my two cents, The product was defective. Just my honest review.",Negative
R2449,"The website the staff were helpful, but had issues since the price was not worth it.",Positive
R2450,"Personally, The device was outstanding.",Positive
R2451,"The quality was okay since support responded quickly, but the staff were rude.",Negative
R2452,"In my experience, The website was terrible because nothing worked smoothly. Hope this review helps someone.",Negative
R2453,"Honestly, The package was poor quality because it was hard to use. Just my honest review.",Negative
R2454,"Personally, This purchase stopped working fast because nothing worked smoothly.",Negative
R2455,"All things considered, The app was standard because the staff were polite enough. That is my honest take.",Neutral
R2456,"In my experience, The website was outstanding.",Positive
R2457,"The package the packaging was excellent, but had issues since support never responded.",Positive
R2458,"To be fair, The package worked as expected, nothing special because the packaging was fine.",Neutral
R2459,"Overall, The delivery was a pleasant surprise.",Positive
R2460,"This brand was okay since the staff were helpful, but it looked nothing like described.",Negative
R2461,"Just my two cents, The website was a letdown because delivery took forever. Just my honest review.",Negative
R2462,"The delivery was okay since the price was fair, but support never responded.",Negative
R2463,"Overall, The delivery was completely unsatisfactory. Support never responded. Would consider buying again.",Negative
R2464,"After using it a while, Customer support performed really well. Delivery was fast. Just my honest review.",Positive
R2465,"After using it a while, The website worked as expected, nothing special. The setup took a normal amount of time. Will update if anything changes.",Neutral
R2466,The delivery stopped working fast. Will update if anything changes.,Negative
R2467,"Personally, The quality was poor quality. Will update if anything changes.",Negative
R2468,"So far, The product was about average because the packaging was fine.",Neutral
R2469,"Just my two cents, The product worked flawlessly. Delivery was fast.",Positive
R2470,"The package was okay since it looked exactly as described, but the price was not worth it.",Negative
R2471,"To be fair, Customer support was excellent. The packaging was excellent. That is my honest take.",Positive
R2472,"Personally, This purchase never worked properly.",Negative
R2473,"In my experience, The app was completely unsatisfactory because support never responded. That is my honest take.",Negative
R2474,"The package was okay since it was easy to use, but the setup was a nightmare.",Negative
R2475,"All things considered, The service was poor quality because nothing worked smoothly.",Negative
R2476,"My order was okay since the packaging was excellent, but the setup was a nightmare.",Negative
R2477,"The product delivery was fast, but had issues since nothing worked smoothly.",Positive
R2478,The material was faulty. The staff were rude.,Negative
R2479,"The support team was okay since it looked exactly as described, but delivery took forever.",Negative
R2480,"Overall, The package was so-so. That is my honest take.",Neutral
R2481,"So far, The app was defective. It looked nothing like described. Would consider buying again.",Negative
R2482,"To be fair, My order worked perfectly. Would consider buying again.",Positive
R2483,"The device was okay since the price was fair, but the setup was a nightmare.",Negative
R2484,"Personally, The website was defective because the staff were rude. Sharing this for other buyers.",Negative
R2485,"The package had some good points like the staff were helpful, but also some downsides like the setup was a nightmare. Mixed feelings overall.",Neutral
R2486,"The app was okay since support responded quickly, but the packaging was damaged.",Negative
R2487,"Customer support was okay since the setup was simple, but it looked nothing like described.",Negative
R2488,"The support team the setup was simple, but had issues since nothing worked smoothly.",Positive
R2489,"The service the packaging was excellent, but had issues since it looked nothing like described.",Positive
R2490,"Just my two cents, The website was reasonable.",Neutral
R2491,"Personally, Customer support was excellent. The setup was simple. Will update if anything changes.",Negative
R2492,"After using it a while, The service worked perfectly. Just my honest review.",Positive
R2493,The quality was reasonable. Sharing this for other buyers.,Neutral
R2494,"Honestly, My order was better than expected.",Positive
R2495,The support team was defective.,Negative
R2496,"Just my two cents, The product was okay. The packaging was fine. Sharing this for other buyers.",Neutral
R2497,"So far, The package was reasonable. The setup took a normal amount of time. Sharing this for other buyers.",Neutral
R2498,"This item the quality was great, but had issues since the setup was a nightmare.",Positive
R2499,"The device the staff were helpful, but had issues since nothing worked smoothly.",Positive
R2500,"In my experience, The material exceeded my expectations. Overall that sums up my experience.",Positive
R2501,"Just my two cents, The app did not work as expected because support never responded. Overall that sums up my experience.",Negative
R2502,"Honestly, This brand was fantastic. Would consider buying again.",Positive
R2503,"This brand was okay since everything worked smoothly, but the staff were rude.",Negative
R2504,"To be fair, Customer support was top notch because the packaging was excellent. Will update if anything changes.",Positive
R2505,"So far, The package never worked properly. Overall that sums up my experience.",Negative
R2506,"In my experience, The support team was exactly what I needed. Hope this review helps someone.",Positive
R2507,"All things considered, This purchase was excellent. Just my honest review.",Positive
R2508,"So far, The package was so-so. Will update if anything changes.",Neutral
R2509,"Honestly, My order was a letdown. The staff were rude.",Negative
R2510,"The app was okay since delivery was fast, but the quality was poor.",Negative
R2511,"My order had some good points like it was easy to use, but also some downsides like the quality was poor. Mixed feelings overall.",Neutral
R2512,"Honestly, My order was fine, nothing more because the packaging was fine. Overall that sums up my experience.",Neutral
R2513,"This purchase it looked exactly as described, but had issues since delivery took forever.",Positive
R2514,"The device delivery was fast, but had issues since the packaging was damaged.",Positive
R2515,"The product was okay since the setup was simple, but nothing worked smoothly.",Negative
R2516,"Just my two cents, The delivery was fine, nothing more. The packaging was fine. Overall that sums up my experience.",Neutral
R2517,"The service the quality was great, but had issues since nothing worked smoothly.",Positive
R2518,"The service had some good points like it looked exactly as described, but also some downsides like support never responded. Mixed feelings overall.",Neutral
R2519,The product never worked properly. The price was not worth it. Hope this review helps someone.,Negative
R2520,"The app was okay since support responded quickly, but it was hard to use.",Negative
R2521,"Honestly, This item was a letdown. That is my honest take.",Negative
R2522,"All things considered, My order was ordinary because it mostly matched the description. Overall that sums up my experience.",Neutral
R2523,"The quality the price was fair, but had issues since the staff were rude.",Positive
R2524,"The package was okay since it looked exactly as described, but the setup was a nightmare.",Negative
R2525,"Overall, The website was a great experience because support responded quickly. Would consider buying again.",Positive
R2526,"To be fair, The quality was exactly what I needed. Overall that sums up my experience.",Positive
R2527,"The product was okay since it looked exactly as described, but the price was not worth it.",Negative
R2528,"The support team was okay since it looked exactly as described, but support never responded.",Negative
R2529,"Customer support the staff were helpful, but had issues since it was hard to use.",Positive
R2530,"This item had some good points like delivery was fast, but also some downsides like the packaging was damaged. Mixed feelings overall.",Neutral
R2531,"Overall, The device was exactly what I needed. Hope this review helps someone.",Positive
R2532,"The device was okay since the packaging was excellent, but support never responded.",Negative
R2533,"Overall, This brand worked perfectly because the staff were helpful. Will update if anything changes.",Positive
R2534,"To be fair, My order was excellent. That is my honest take.",Positive
R2535,"All things considered, The app was defective.",Negative
R2536,"Honestly, The service was top notch because the setup was simple. That is my honest take.",Positive
R2537,"The quality was okay since delivery was fast, but nothing worked smoothly.",Negative
R2538,"The package everything worked smoothly, but had issues since delivery took forever.",Positive
R2539,"After using it a while, The delivery was frustrating. Just my honest review.",Negative
R2540,"The material was okay since the price was fair, but it looked nothing like described.",Negative
R2541,"My order had some good points like everything worked smoothly, but also some downsides like support never responded. Mixed feelings overall.",Neutral
R2542,"The website was okay since the quality was great, but it was hard to use.",Negative
R2543,"The package the packaging was excellent, but had issues since the setup was a nightmare.",Positive
R2544,The app was exactly what I needed. Just my honest review.,Positive
R2545,"Personally, The device worked flawlessly. Hope this review helps someone.",Positive
R2546,"Overall, The support team never worked properly because delivery took forever. Hope this review helps someone.",Negative
R2547,"The support team worked as expected, nothing special. Hope this review helps someone.",Neutral
R2548,"The product the price was fair, but had issues since the quality was poor.",Positive
R2549,"The package it was easy to use, but had issues since nothing worked smoothly.",Positive
R2550,"To be fair, My order worked flawlessly. That is my honest take.",Positive
R2551,"In my experience, The material was standard. The packaging was fine. Sharing this for other buyers.",Neutral
R2552,"To be fair, The support team was top notch.",Positive
R2553,"In my experience, The service was frustrating. The setup was a nightmare. Hope this review helps someone.",Negative
R2554,Customer support impressed me a lot. Just my honest review.,Positive
R2555,"Just my two cents, The service impressed me a lot because it was easy to use. Will update if anything changes.",Neutral
R2556,"The app was okay since the staff were helpful, but the staff were rude.",Negative
R2557,"This item was okay since the quality was great, but the setup was a nightmare.",Negative
R2558,"Honestly, Customer support was reasonable. Delivery was on time. Sharing this for other buyers.",Neutral
R2559,"Honestly, The service worked flawlessly. Support responded quickly.",Positive
R2560,"The website had some good points like it was easy to use, but also some downsides like the setup was a nightmare. Mixed feelings overall.",Neutral
R2561,"Overall, The website was a disappointment because support never responded. Would consider buying again.",Negative
R2562,"Just my two cents, The website was a waste of money. Hope this review helps someone.",Negative
R2563,"Customer support was okay since support responded quickly, but the price was not worth it.",Negative
R2564,"The package had some good points like the staff were helpful, but also some downsides like support never responded. Mixed feelings overall.",Neutral
R2565,"This brand had some good points like support responded quickly, but also some downsides like the packaging was damaged. Mixed feelings overall.",Neutral
R2566,"The product was okay since the setup was simple, but the quality was poor.",Negative
R2567,"The material was okay since the price was fair, but support never responded.",Negative
R2568,"This item had some good points like the packaging was excellent, but also some downsides like delivery took forever. Mixed feelings overall.",Neutral
R2569,"My order was okay since the packaging was excellent, but the price was not worth it.",Negative
R2570,"This item had some good points like delivery was fast, but also some downsides like support never responded. Mixed feelings overall.",Neutral
R2571,"All things considered, This purchase did the basic job. It was somewhat easy to use. Overall that sums up my experience.",Neutral
R2572,"Just my two cents, This item worked flawlessly because the setup was simple. That is my honest take.",Negative
R2573,"The service had some good points like the price was fair, but also some downsides like it was hard to use. Mixed feelings overall.",Neutral
R2574,"To be fair, The package was about average. It was somewhat easy to use. Will update if anything changes.",Neutral
R2575,"This purchase was okay since the setup was simple, but the staff were rude.",Negative
R2576,"All things considered, The website was a great experience. Will update if anything changes.",Positive
R2577,"Honestly, The support team was a disappointment because it was hard to use. Would consider buying again.",Negative
R2578,"Honestly, The website was about average. The setup took a normal amount of time.",Neutral
R2579,"After using it a while, The package exceeded my expectations. The price was fair.",Positive
R2580,"All things considered, The package exceeded my expectations. It looked exactly as described.",Positive
R2581,"All things considered, The package made me very happy because it was easy to use. Will update if anything changes.",Positive
R2582,"Honestly, The device was a waste of money.",Negative
R2583,The quality was faulty because nothing worked smoothly. That is my honest take.,Negative
R2584,"Personally, This brand worked flawlessly. Everything worked smoothly.",Positive
R2585,"In my experience, This purchase was poor quality because delivery took forever.",Negative
R2586,"After using it a while, The device was acceptable. The staff were polite enough.",Neutral
R2587,"All things considered, The website was about average. Hope this review helps someone.",Neutral
R2588,"In my experience, The device was frustrating because the setup was a nightmare. Would consider buying again.",Negative
R2589,"After using it a while, This purchase was a waste of money. Overall that sums up my experience.",Negative
R2590,"In my experience, The website was a pleasant surprise. Delivery was fast.",Positive
R2591,"The app the price was fair, but had issues since the packaging was damaged.",Positive
R2592,"Just my two cents, Customer support did the basic job because some things worked, some did not.",Neutral
R2593,"The product everything worked smoothly, but had issues since the packaging was damaged.",Positive
R2594,"Personally, The support team worked as expected, nothing special. The staff were polite enough. Will update if anything changes.",Neutral
R2595,"The app was okay since the quality was great, but the staff were rude.",Negative
R2596,"The app support responded quickly, but had issues since the staff were rude.",Positive
R2597,"After using it a while, This brand performed really well.",Positive
R2598,"Just my two cents, The product was poor quality. Hope this review helps someone.",Negative
R2599,"The quality had some good points like the setup was simple, but also some downsides like the packaging was damaged. Mixed feelings overall.",Neutral
R2600,"After using it a while, Customer support was ordinary. Delivery was on time.",Neutral
R2601,"So far, This purchase was poor quality. Will update if anything changes.",Negative
R2602,"All things considered, Customer support was fantastic because the setup was simple. Just my honest review.",Positive
R2603,"After using it a while, The service was so-so because it mostly matched the description. Would consider buying again.",Neutral
R2604,"Honestly, The product impressed me a lot. It looked exactly as described. That is my honest take.",Positive
R2605,"So far, Customer support stopped working fast because support never responded. Sharing this for other buyers.",Negative
R2606,"Personally, The product was neither good nor bad because the setup took a normal amount of time. That is my honest take.",Neutral
R2607,"In my experience, The support team worked flawlessly. Will update if anything changes.",Positive
R2608,"Honestly, The service never worked properly. The setup was a nightmare. Hope this review helps someone.",Negative
R2609,This purchase was better than expected because support responded quickly. Would consider buying again.,Positive
R2610,"Honestly, The service was faulty. Support never responded. Just my honest review.",Negative
R2611,"To be fair, The material performed really well. The price was fair.",Positive
R2612,"All things considered, The app worked most of the time. Would consider buying again.",Neutral
R2613,"Honestly, The material was a pleasant surprise. Sharing this for other buyers.",Positive
R2614,"Honestly, The product worked most of the time. The packaging was fine. Overall that sums up my experience.",Neutral
R2615,"All things considered, The quality worked flawlessly. The quality was great.",Positive
R2616,"All things considered, The website was exactly what I needed.",Positive
R2617,"This purchase had some good points like it looked exactly as described, but also some downsides like it looked nothing like described. Mixed feelings overall.",Negative
R2618,"This item had some good points like it looked exactly as described, but also some downsides like the price was not worth it. Mixed feelings overall.",Neutral
R2619,"In my experience, The service was decent enough because the setup took a normal amount of time. Would consider buying again.",Neutral
R2620,"So far, This item was about average because the packaging was fine.",Neutral
R2621,"So far, The quality made me very happy. Everything worked smoothly.",Positive
R2622,"Honestly, This item was standard. Sharing this for other buyers.",Neutral
R2623,"The quality had some good points like everything worked smoothly, but also some downsides like support never responded. Mixed feelings overall.",Neutral
R2624,"To be fair, This purchase was ordinary. Just my honest review.",Neutral
R2625,"So far, The delivery was a waste of money because the setup was a nightmare. Would consider buying again.",Negative
R2626,"Honestly, My order was fine, nothing more. The price was fair for what it is. Will update if anything changes.",Neutral
R2627,"After using it a while, The material was poor quality. The staff were rude. That is my honest take.",Negative
R2628,"The support team delivery was fast, but had issues since it looked nothing like described.",Positive
R2629,"Just my two cents, This brand was a great experience. It looked exactly as described. That is my honest take.",Positive
R2630,"In my experience, The app worked flawlessly because the price was fair. Sharing this for other buyers.",Positive
R2631,"Overall, This item was faulty. Nothing worked smoothly.",Negative
R2632,"This brand the setup was simple, but had issues since it was hard to use.",Positive
R2633,"Personally, The support team was frustrating because the staff were rude. Just my honest review.",Negative
R2634,"Just my two cents, The service was acceptable because the packaging was fine. That is my honest take.",Neutral
R2635,"The app the price was fair, but had issues since the price was not worth it.",Positive
R2636,The service was defective. It was hard to use. Would consider buying again.,Negative
R2637,"Overall, The quality was faulty. It looked nothing like described. Will update if anything changes.",Negative
R2638,"Customer support had some good points like the quality was great, but also some downsides like the staff were rude. Mixed feelings overall.",Neutral
R2639,"Personally, The product exceeded my expectations because support responded quickly. Will update if anything changes.",Positive
R2640,"So far, The support team was a great experience because the setup was simple. Just my honest review.",Positive
R2641,"The product was okay since delivery was fast, but delivery took forever.",Negative
R2642,"All things considered, The delivery was excellent. The price was fair.",Positive
R2643,"The app the staff were helpful, but had issues since it looked nothing like described.",Positive
R2644,"Just my two cents, The quality was a letdown. The quality was poor. That is my honest take.",Negative
R2645,"Honestly, The product arrived damaged. That is my honest take.",Negative
R2646,"Personally, This purchase was a waste of money. It looked nothing like described. Just my honest review.",Negative
R2647,"The material had some good points like the setup was simple, but also some downsides like it looked nothing like described. Mixed feelings overall.",Neutral
R2648,"The quality everything worked smoothly, but had issues since delivery took forever.",Positive
R2649,"Just my two cents, The app performed really well. Delivery was fast. Just my honest review.",Positive
R2650,"This item was okay since support responded quickly, but support never responded.",Negative
R2651,"Overall, The website worked perfectly because the quality was great.",Positive
R2652,"The service the price was fair, but had issues since the packaging was damaged.",Positive
R2653,"Just my two cents, The device was better than expected.",Positive
R2654,"All things considered, The device was exactly what I needed. The setup was simple. Overall that sums up my experience.",Positive
R2655,"All things considered, The device stopped working fast. Overall that sums up my experience.",Negative
R2656,"The package was okay since the quality was great, but delivery took forever.",Negative
R2657,"Honestly, The device impressed me a lot. Sharing this for other buyers.",Positive
R2658,"Honestly, The package did the basic job. It was somewhat easy to use. Overall that sums up my experience.",Neutral
R2659,"The website had some good points like it was easy to use, but also some downsides like it looked nothing like described. Mixed feelings overall.",Neutral
R2660,"All things considered, My order was excellent because support responded quickly. Sharing this for other buyers.",Positive
R2661,"Just my two cents, The delivery was terrible. Will update if anything changes.",Negative
R2662,"So far, The device was defective. Will update if anything changes.",Negative
R2663,"Personally, This purchase did the basic job. The packaging was fine. Will update if anything changes.",Neutral
R2664,"This brand was okay since the packaging was excellent, but the price was not worth it.",Negative
R2665,"So far, The material was so-so. The price was fair for what it is. Would consider buying again.",Neutral
R2666,"Honestly, My order met basic expectations. The price was fair for what it is. Overall that sums up my experience.",Neutral
R2667,"All things considered, The app was top notch. The packaging was excellent. Just my honest review.",Positive
R2668,"Honestly, This brand was exactly what I needed. The packaging was excellent. Sharing this for other buyers.",Positive
R2669,"All things considered, The app exceeded my expectations because everything worked smoothly.",Positive
R2670,"Just my two cents, The device fell apart quickly. It was hard to use.",Negative
R2671,"Overall, The product was okay. It mostly matched the description.",Neutral
R2672,"The website was okay since the packaging was excellent, but nothing worked smoothly.",Negative
R2673,"Personally, Customer support was fine, nothing more. The packaging was fine. Hope this review helps someone.",Positive
R2674,"Personally, My order was reasonable. Some things worked, some did not.",Neutral
R2675,"The package delivery was fast, but had issues since it was hard to use.",Positive
R2676,"So far, This purchase performed really well. Sharing this for other buyers.",Positive
R2677,"The website it looked exactly as described, but had issues since support never responded.",Positive
R2678,"Personally, The material was decent enough because delivery was on time. Sharing this for other buyers.",Neutral
R2679,"To be fair, The package was exactly what I needed. Sharing this for other buyers.",Positive
R2680,"After using it a while, The support team was top notch. The price was fair. Will update if anything changes.",Positive
R2681,"Honestly, The website was better than expected. Overall that sums up my experience.",Positive
R2682,"Overall, The product was defective because nothing worked smoothly. Just my honest review.",Negative
R2683,"Personally, The service worked most of the time. Hope this review helps someone.",Neutral
R2684,"The device delivery was fast, but had issues since the quality was poor.",Positive
R2685,"In my experience, My order was a bad experience because nothing worked smoothly. Will update if anything changes.",Negative
R2686,"All things considered, The website was so-so. It mostly matched the description. Would consider buying again.",Neutral
R2687,"Just my two cents, This brand did the basic job. Support responded eventually. Just my honest review.",Neutral
R2688,"This purchase the price was fair, but had issues since delivery took forever.",Positive
R2689,"Overall, This item impressed me a lot. That is my honest take.",Positive
R2690,"Overall, The material never worked properly. Sharing this for other buyers.",Negative
R2691,"Honestly, The website was a disappointment. That is my honest take.",Negative
R2692,"The material it was easy to use, but had issues since nothing worked smoothly.",Positive
R2693,"All things considered, This brand was faulty. Just my honest review.",Negative
R2694,Customer support met basic expectations. Will update if anything changes.,Neutral
R2695,"Customer support had some good points like it was easy to use, but also some downsides like the staff were rude. Mixed feelings overall.",Neutral
R2696,"Honestly, The service worked flawlessly. Support responded quickly. Will update if anything changes.",Positive
R2697,"Customer support had some good points like the quality was great, but also some downsides like the setup was a nightmare. Mixed feelings overall.",Neutral
R2698,"To be fair, The product was acceptable. Some things worked, some did not. Just my honest review.",Neutral
R2699,"After using it a while, The support team was exactly what I needed. The quality was great. Just my honest review.",Positive
R2700,"Personally, The app was outstanding because the packaging was excellent. Will update if anything changes.",Positive
R2701,"The website was okay since the staff were helpful, but the price was not worth it.",Negative
R2702,"The material had some good points like the price was fair, but also some downsides like it was hard to use. Mixed feelings overall.",Neutral
R2703,"Honestly, The support team was faulty because it was hard to use. Overall that sums up my experience.",Negative
R2704,"Customer support everything worked smoothly, but had issues since the packaging was damaged.",Positive
R2705,"After using it a while, This purchase was okay. Hope this review helps someone.",Neutral
R2706,"In my experience, This item was a great experience. It looked exactly as described.",Positive
R2707,"After using it a while, The quality impressed me a lot. It looked exactly as described. Hope this review helps someone.",Positive
R2708,"The package was okay since the quality was great, but the staff were rude.",Negative
R2709,"The support team had some good points like the staff were helpful, but also some downsides like delivery took forever. Mixed feelings overall.",Neutral
R2710,"After using it a while, The delivery worked most of the time.",Neutral
R2711,"Just my two cents, The delivery was outstanding because the staff were helpful. Hope this review helps someone.",Positive
R2712,The quality made me very happy because it looked exactly as described.,Positive
R2713,"After using it a while, This purchase was fantastic. Delivery was fast. Would consider buying again.",Positive
R2714,"Just my two cents, My order was reasonable. It mostly matched the description. That is my honest take.",Neutral
R2715,"Personally, This item was frustrating. The setup was a nightmare. Would consider buying again.",Negative
R2716,"The material had some good points like support responded quickly, but also some downsides like delivery took forever. Mixed feelings overall.",Neutral
R2717,"In my experience, Customer support never worked properly. Nothing worked smoothly. Overall that sums up my experience.",Negative
R2718,"Just my two cents, The app was about average. That is my honest take.",Neutral
R2719,"The service the quality was great, but had issues since the price was not worth it.",Positive
R2720,"All things considered, Customer support worked flawlessly because it looked exactly as described.",Positive
R2721,"So far, The product was a bad experience. Just my honest review.",Negative
R2722,"All things considered, The delivery was poor quality because the staff were rude.",Negative
R2723,"This item it was easy to use, but had issues since the setup was a nightmare.",Positive
R2724,"This purchase was okay since delivery was fast, but the staff were rude.",Negative
R2725,"Customer support had some good points like support responded quickly, but also some downsides like the setup was a nightmare. Mixed feelings overall.",Neutral
R2726,"So far, The app was defective. Support never responded. That is my honest take.",Negative
R2727,"Overall, Customer support was completely unsatisfactory. Would consider buying again.",Negative
R2728,"The product had some good points like the price was fair, but also some downsides like the packaging was damaged. Mixed feelings overall.",Neutral
R2729,"This purchase the packaging was excellent, but had issues since support never responded.",Positive
R2730,"Customer support had some good points like the price was fair, but also some downsides like delivery took forever. Mixed feelings overall.",Neutral
R2731,"My order delivery was fast, but had issues since the quality was poor.",Positive
R2732,"All things considered, The package was decent enough. Will update if anything changes.",Neutral
R2733,"The website had some good points like the quality was great, but also some downsides like it looked nothing like described. Mixed feelings overall.",Neutral
R2734,"To be fair, The product did not work as expected. Nothing worked smoothly.",Negative
R2735,"My order it was easy to use, but had issues since support never responded.",Positive
R2736,"Just my two cents, The quality was completely unsatisfactory because support never responded. Sharing this for other buyers.",Negative
R2737,"In my experience, The quality was a bad experience. It looked nothing like described. That is my honest take.",Negative
R2738,"Just my two cents, My order was faulty because the packaging was damaged. That is my honest take.",Negative
R2739,"The quality it looked exactly as described, but had issues since the setup was a nightmare.",Positive
R2740,"To be fair, The website was top notch. Sharing this for other buyers.",Positive
R2741,"Just my two cents, This item was reasonable because delivery was on time.",Neutral
R2742,"Honestly, The support team was fine, nothing more because some things worked, some did not. Will update if anything changes.",Neutral
R2743,"Overall, The material did not work as expected because the price was not worth it. Will update if anything changes.",Negative
R2744,"Honestly, The service was poor quality because the packaging was damaged. Would consider buying again.",Negative
R2745,"In my experience, The package was okay because the staff were polite enough.",Neutral
R2746,"After using it a while, The package was acceptable.",Neutral
R2747,"To be fair, This item was poor quality because it was hard to use.",Negative
R2748,"The website support responded quickly, but had issues since the quality was poor.",Positive
R2749,"My order had some good points like the setup was simple, but also some downsides like it was hard to use. Mixed feelings overall.",Neutral
R2750,"The app the setup was simple, but had issues since the staff were rude.",Positive
R2751,"To be fair, The product performed really well because the packaging was excellent. Will update if anything changes.",Positive
R2752,"All things considered, The device was a pleasant surprise.",Positive
R2753,"Customer support was okay since the packaging was excellent, but support never responded.",Negative
R2754,"This brand delivery was fast, but had issues since it was hard to use.",Positive
R2755,"The package was decent enough because some things worked, some did not.",Neutral
R2756,"The package was okay since delivery was fast, but the price was not worth it.",Negative
R2757,The support team was fantastic. It was easy to use.,Positive
R2758,"The app had some good points like delivery was fast, but also some downsides like the packaging was damaged. Mixed feelings overall.",Neutral
R2759,"Customer support had some good points like the price was fair, but also some downsides like the packaging was damaged. Mixed feelings overall.",Neutral
R2760,"All things considered, Customer support was okay. Delivery was on time. Overall that sums up my experience.",Neutral
R2761,"Personally, The material was poor quality. The setup was a nightmare.",Negative
R2762,"This brand was okay since the price was fair, but support never responded.",Negative
R2763,"In my experience, The support team was fantastic. Delivery was fast. Hope this review helps someone.",Positive
R2764,"Honestly, The app was better than expected. The price was fair. Will update if anything changes.",Positive
R2765,"Honestly, The service exceeded my expectations because it was easy to use.",Positive
R2766,"Honestly, The app was a pleasant surprise. It was easy to use. Would consider buying again.",Positive
R2767,"The support team the setup was simple, but had issues since the staff were rude.",Positive
R2768,"After using it a while, Customer support was ordinary because some things worked, some did not.",Neutral
R2769,"Personally, This item was acceptable because support responded eventually. Sharing this for other buyers.",Neutral
R2770,"Just my two cents, The support team was exactly what I needed. The quality was great. Will update if anything changes.",Positive
R2771,"Personally, Customer support was a bad experience. It was hard to use. Sharing this for other buyers.",Negative
R2772,The app was a bad experience because it looked nothing like described.,Negative
R2773,"This item had some good points like it looked exactly as described, but also some downsides like it looked nothing like described. Mixed feelings overall.",Neutral
R2774,"To be fair, The device was faulty because the quality was poor.",Negative
R2775,"This brand the price was fair, but had issues since the price was not worth it.",Neutral
R2776,"Honestly, The quality worked flawlessly because it looked exactly as described. Sharing this for other buyers.",Positive
R2777,"My order it was easy to use, but had issues since it looked nothing like described.",Positive
R2778,"After using it a while, The app was acceptable. That is my honest take.",Neutral
R2779,"All things considered, The service was a great experience because the setup was simple. Would consider buying again.",Positive
R2780,"Overall, The website was about average. Hope this review helps someone.",Neutral
R2781,"The material had some good points like the packaging was excellent, but also some downsides like the price was not worth it. Mixed feelings overall.",Neutral
R2782,"After using it a while, The package was okay. The price was fair for what it is.",Neutral
R2783,"The support team had some good points like delivery was fast, but also some downsides like the price was not worth it. Mixed feelings overall.",Neutral
R2784,"In my experience, This item impressed me a lot. Support responded quickly.",Positive
R2785,"In my experience, The product was better than expected. The staff were helpful. Will update if anything changes.",Positive
R2786,"This item had some good points like the quality was great, but also some downsides like the price was not worth it. Mixed feelings overall.",Neutral
R2787,"After using it a while, The support team was outstanding because delivery was fast. Hope this review helps someone.",Positive
R2788,"Just my two cents, My order was excellent. That is my honest take.",Positive
R2789,"Just my two cents, The service was fine, nothing more. It mostly matched the description.",Neutral
R2790,"The product it looked exactly as described, but had issues since the setup was a nightmare.",Positive
R2791,"This item was okay since everything worked smoothly, but it was hard to use.",Negative
R2792,"Just my two cents, The service did the basic job because the quality was average. That is my honest take.",Neutral
R2793,"So far, This purchase was outstanding.",Positive
R2794,"The product the price was fair, but had issues since it was hard to use.",Positive
R2795,"Just my two cents, Customer support was outstanding because everything worked smoothly.",Positive
R2796,"Personally, The package did the basic job. The setup took a normal amount of time. Sharing this for other buyers.",Neutral
R2797,"The app was okay since the price was fair, but the staff were rude.",Negative
R2798,"The app was okay since support responded quickly, but it looked nothing like described.",Negative
R2799,"The service the setup was simple, but had issues since it looked nothing like described.",Positive
R2800,"Honestly, The product worked most of the time because the packaging was fine. Will update if anything changes.",Neutral
R2801,"Just my two cents, The app was defective. Would consider buying again.",Negative
R2802,The app was decent enough. Would consider buying again.,Neutral
R2803,"This purchase had some good points like delivery was fast, but also some downsides like it looked nothing like described. Mixed feelings overall.",Neutral
R2804,"The service the staff were helpful, but had issues since the packaging was damaged.",Positive
R2805,"Honestly, The package was poor quality because the quality was poor. Sharing this for other buyers.",Negative
R2806,"All things considered, The quality worked as expected, nothing special because support responded eventually. Would consider buying again.",Neutral
R2807,This brand met basic expectations because the quality was average. Sharing this for other buyers.,Neutral
R2808,"This purchase everything worked smoothly, but had issues since the packaging was damaged.",Positive
R2809,"This item had some good points like the setup was simple, but also some downsides like the setup was a nightmare. Mixed feelings overall.",Neutral
R2810,"In my experience, The delivery worked perfectly. Support responded quickly. Sharing this for other buyers.",Positive
R2811,"The app was okay since delivery was fast, but the price was not worth it.",Negative
R2812,"In my experience, The delivery was superb. Delivery was fast.",Positive
R2813,"Customer support was okay since delivery was fast, but it looked nothing like described.",Negative
R2814,"To be fair, This brand was excellent. The price was fair.",Positive
R2815,"The website was okay since the staff were helpful, but the setup was a nightmare.",Negative
R2816,"Customer support was okay since everything worked smoothly, but it looked nothing like described.",Negative
R2817,"Just my two cents, My order was superb. It looked exactly as described. That is my honest take.",Positive
R2818,"My order was okay since everything worked smoothly, but the staff were rude.",Negative
R2819,"The service it was easy to use, but had issues since the quality was poor.",Positive
R2820,"The product was okay since delivery was fast, but nothing worked smoothly.",Negative
R2821,"Overall, The material impressed me a lot because the price was fair. Will update if anything changes.",Positive
R2822,"So far, The material was top notch. Overall that sums up my experience.",Positive
R2823,"All things considered, The product was a bad experience because nothing worked smoothly. Sharing this for other buyers.",Negative
R2824,"All things considered, Customer support arrived damaged. That is my honest take.",Negative
R2825,"Honestly, The support team was okay. Support responded eventually. Will update if anything changes.",Neutral
R2826,"Overall, Customer support was excellent. Sharing this for other buyers.",Positive
R2827,"Honestly, This item never worked properly. Will update if anything changes.",Negative
R2828,"Just my two cents, My order was standard. Some things worked, some did not. Just my honest review.",Neutral
R2829,"The device had some good points like it looked exactly as described, but also some downsides like delivery took forever. Mixed feelings overall.",Neutral
R2830,"Personally, The quality worked as expected, nothing special because the packaging was fine.",Neutral
R2831,"All things considered, The device was defective because the packaging was damaged. Just my honest review.",Negative
R2832,"In my experience, This item was frustrating. Delivery took forever. Will update if anything changes.",Negative
R2833,"The website the quality was great, but had issues since it was hard to use.",Positive
R2834,"After using it a while, The material was a disappointment because the staff were rude. Would consider buying again.",Negative
R2835,"The package it looked exactly as described, but had issues since the packaging was damaged.",Positive
R2836,"So far, The device stopped working fast because the staff were rude. Hope this review helps someone.",Negative
R2837,"To be fair, The support team was completely unsatisfactory because the staff were rude.",Negative
R2838,"In my experience, The material was superb. Will update if anything changes.",Positive
R2839,"My order the setup was simple, but had issues since the setup was a nightmare.",Positive
R2840,"This brand the setup was simple, but had issues since the setup was a nightmare.",Positive
R2841,"Honestly, The app was a pleasant surprise. Will update if anything changes.",Positive
R2842,"The material support responded quickly, but had issues since nothing worked smoothly.",Positive
R2843,"Personally, Customer support worked as expected, nothing special. Will update if anything changes.",Neutral
R2844,"All things considered, This item made me very happy. It was easy to use.",Positive
R2845,"Just my two cents, This brand was fantastic because the price was fair. Would consider buying again.",Positive
R2846,"After using it a while, The website was poor quality. The packaging was damaged.",Negative
R2847,"The service had some good points like the packaging was excellent, but also some downsides like nothing worked smoothly. Mixed feelings overall.",Neutral
R2848,"Overall, Customer support was about average. Will update if anything changes.",Neutral
R2849,"After using it a while, This brand was a letdown because support never responded.",Negative
R2850,This item arrived damaged. The quality was poor. Overall that sums up my experience.,Negative
R2851,"The website it was easy to use, but had issues since it looked nothing like described.",Positive
R2852,"To be fair, The delivery was standard. That is my honest take.",Neutral
R2853,"My order was okay since the setup was simple, but the quality was poor.",Negative
R2854,"The website the quality was great, but had issues since nothing worked smoothly.",Positive
R2855,"Personally, The service was so-so. Overall that sums up my experience.",Neutral
R2856,"So far, The support team was a letdown. The price was not worth it. Would consider buying again.",Negative
R2857,"After using it a while, The app was a disappointment. It looked nothing like described.",Negative
R2858,"This item had some good points like delivery was fast, but also some downsides like it was hard to use. Mixed feelings overall.",Neutral
R2859,"So far, The package was ordinary because the quality was average. Hope this review helps someone.",Neutral
R2860,"Personally, This brand was top notch. Hope this review helps someone.",Positive
R2861,"Just my two cents, My order exceeded my expectations.",Positive
R2862,"The package had some good points like everything worked smoothly, but also some downsides like delivery took forever. Mixed feelings overall.",Neutral
R2863,"After using it a while, The quality was acceptable. The packaging was fine. Hope this review helps someone.",Neutral
R2864,"Overall, The website was decent enough. Delivery was on time. Would consider buying again.",Neutral
R2865,"Honestly, The device was a disappointment because support never responded. Hope this review helps someone.",Negative
R2866,"So far, This item was ordinary.",Neutral
R2867,"The support team was okay since everything worked smoothly, but support never responded.",Negative
R2868,The product was a disappointment because the packaging was damaged. Just my honest review.,Negative
R2869,"The product the setup was simple, but had issues since it looked nothing like described.",Positive
R2870,"All things considered, The package performed really well. The staff were helpful. Would consider buying again.",Positive
R2871,"Honestly, The device worked flawlessly. The price was fair. Hope this review helps someone.",Positive
R2872,"The support team the quality was great, but had issues since the packaging was damaged.",Positive
R2873,"To be fair, Customer support was neither good nor bad. Will update if anything changes.",Neutral
R2874,"My order the setup was simple, but had issues since the quality was poor.",Positive
R2875,"My order the staff were helpful, but had issues since it was hard to use.",Positive
R2876,"The material was okay since delivery was fast, but the packaging was damaged.",Negative
R2877,"All things considered, This purchase was a great experience. Will update if anything changes.",Positive
R2878,"Overall, The package met basic expectations because the quality was average. Would consider buying again.",Neutral
R2879,"To be fair, This item was so-so because the packaging was fine. Would consider buying again.",Neutral
R2880,"This purchase was okay since it was easy to use, but nothing worked smoothly.",Negative
R2881,"So far, The quality was a disappointment. The price was not worth it.",Negative
R2882,"The product support responded quickly, but had issues since support never responded.",Positive
R2883,"Overall, The package stopped working fast. Hope this review helps someone.",Neutral
R2884,"Overall, The package performed really well. The setup was simple.",Positive
R2885,"Honestly, The device was poor quality because it was hard to use. Would consider buying again.",Negative
R2886,"All things considered, This brand was frustrating because it was hard to use. Will update if anything changes.",Negative
R2887,"The app was okay since the packaging was excellent, but support never responded.",Negative
R2888,This purchase was top notch because delivery was fast. Will update if anything changes.,Positive
R2889,The website was a bad experience. The quality was poor. That is my honest take.,Negative
R2890,"Overall, This purchase fell apart quickly because the quality was poor.",Negative
R2891,"Just my two cents, The material worked perfectly. Will update if anything changes.",Positive
R2892,"So far, The product was defective.",Negative
R2893,"Overall, The support team was defective because support never responded. Would consider buying again.",Negative
R2894,"Overall, The material was completely unsatisfactory because delivery took forever. Will update if anything changes.",Negative
R2895,"All things considered, The support team was defective. Overall that sums up my experience.",Negative
R2896,"Personally, Customer support worked as expected, nothing special. Sharing this for other buyers.",Neutral
R2897,"The delivery was okay since the price was fair, but the staff were rude.",Negative
R2898,"Just my two cents, The app was fantastic. Everything worked smoothly. Will update if anything changes.",Positive
R2899,"The delivery delivery was fast, but had issues since the price was not worth it.",Positive
R2900,"The delivery the packaging was excellent, but had issues since it looked nothing like described.",Positive
R2901,"Overall, The app was a letdown. The price was not worth it.",Negative
R2902,The website arrived damaged. The staff were rude. Hope this review helps someone.,Negative
R2903,"My order was okay since support responded quickly, but the price was not worth it.",Negative
R2904,"Customer support it looked exactly as described, but had issues since the staff were rude.",Positive
R2905,"The website everything worked smoothly, but had issues since the packaging was damaged.",Positive
R2906,"Overall, The service fell apart quickly.",Negative
R2907,"This brand had some good points like delivery was fast, but also some downsides like the quality was poor. Mixed feelings overall.",Neutral
R2908,"Honestly, The website was about average. The staff were polite enough. Just my honest review.",Neutral
R2909,"This item the setup was simple, but had issues since the setup was a nightmare.",Positive
R2910,The service was decent enough. Will update if anything changes.,Neutral
R2911,"Personally, The support team was poor quality. Hope this review helps someone.",Negative
R2912,"The quality everything worked smoothly, but had issues since the setup was a nightmare.",Positive
R2913,"Personally, This item worked flawlessly because delivery was fast. Just my honest review.",Positive
R2914,"The material had some good points like the quality was great, but also some downsides like the staff were rude. Mixed feelings overall.",Neutral
R2915,"Personally, Customer support never worked properly because delivery took forever. That is my honest take.",Negative
R2916,This brand was completely unsatisfactory. Support never responded. Hope this review helps someone.,Negative
R2917,This item was faulty. Will update if anything changes.,Negative
R2918,"So far, The product was fantastic. The staff were helpful. Overall that sums up my experience.",Positive
R2919,This purchase made me very happy. The price was fair.,Positive
R2920,"The material was okay since the setup was simple, but the setup was a nightmare.",Positive
R2921,"Overall, The product made me very happy because the setup was simple. Hope this review helps someone.",Neutral
R2922,"To be fair, The quality was acceptable.",Neutral
R2923,"Just my two cents, The support team stopped working fast. The price was not worth it. Sharing this for other buyers.",Negative
R2924,"Personally, The service was so-so. Hope this review helps someone.",Neutral
R2925,"After using it a while, The website fell apart quickly.",Negative
R2926,"To be fair, My order was fine, nothing more. The quality was average.",Neutral
R2927,"In my experience, The delivery impressed me a lot. The quality was great. Just my honest review.",Positive
R2928,"To be fair, The quality was faulty because nothing worked smoothly. Would consider buying again.",Negative
R2929,"Honestly, Customer support was excellent because it looked exactly as described.",Positive
R2930,"Just my two cents, This purchase was ordinary. The packaging was fine. Sharing this for other buyers.",Neutral
R2931,"To be fair, The material fell apart quickly. That is my honest take.",Negative
R2932,"My order had some good points like the setup was simple, but also some downsides like nothing worked smoothly. Mixed feelings overall.",Neutral
R2933,"The material was okay since delivery was fast, but support never responded.",Negative
R2934,"In my experience, The delivery was exactly what I needed. The setup was simple. Sharing this for other buyers.",Positive
R2935,"This purchase was okay since the packaging was excellent, but the setup was a nightmare.",Negative
R2936,"Overall, The website performed really well. Delivery was fast. Sharing this for other buyers.",Positive
R2937,"Customer support it looked exactly as described, but had issues since it was hard to use.",Positive
R2938,"To be fair, The website impressed me a lot because it looked exactly as described.",Positive
R2939,"All things considered, The service was better than expected. That is my honest take.",Positive
R2940,"After using it a while, This brand worked most of the time. Overall that sums up my experience.",Neutral
R2941,"The package delivery was fast, but had issues since nothing worked smoothly.",Positive
R2942,This purchase was reasonable. Hope this review helps someone.,Neutral
R2943,"The delivery was okay since it looked exactly as described, but the setup was a nightmare.",Negative
R2944,"In my experience, The quality never worked properly. Support never responded. Sharing this for other buyers.",Negative
R2945,"To be fair, The delivery was a disappointment because the price was not worth it. Will update if anything changes.",Negative
R2946,"The device was okay since the quality was great, but the packaging was damaged.",Negative
R2947,"Overall, This purchase was frustrating because the staff were rude. Would consider buying again.",Negative
R2948,"To be fair, The device was a great experience because delivery was fast.",Positive
R2949,"This purchase had some good points like the staff were helpful, but also some downsides like the packaging was damaged. Mixed feelings overall.",Neutral
R2950,"Honestly, My order was a letdown. Hope this review helps someone.",Negative
R2951,"Overall, The website was outstanding.",Positive
R2952,"In my experience, The package never worked properly. Just my honest review.",Negative
R2953,"All things considered, The device was better than expected. Overall that sums up my experience.",Positive
R2954,"All things considered, The support team was a bad experience.",Negative
R2955,"Overall, This brand was better than expected. Overall that sums up my experience.",Positive
R2956,"To be fair, The device was a disappointment because nothing worked smoothly.",Negative
R2957,The material was about average. Just my honest review.,Neutral
R2958,"So far, The package was okay. The packaging was fine. Would consider buying again.",Neutral
R2959,"Honestly, The support team performed really well because the setup was simple. Just my honest review.",Positive
R2960,"Personally, The device made me very happy.",Positive
R2961,"This brand had some good points like the price was fair, but also some downsides like delivery took forever. Mixed feelings overall.",Neutral
R2962,The app was top notch. The staff were helpful. That is my honest take.,Positive
R2963,"The material the price was fair, but had issues since it was hard to use.",Positive
R2964,"To be fair, The delivery was fine, nothing more. The staff were polite enough.",Neutral
R2965,"In my experience, This item was reasonable. The quality was average. Sharing this for other buyers.",Neutral
R2966,"To be fair, This purchase was a pleasant surprise. Just my honest review.",Positive
R2967,"The quality was okay since the quality was great, but the price was not worth it.",Negative
R2968,"My order had some good points like the setup was simple, but also some downsides like the staff were rude. Mixed feelings overall.",Neutral
R2969,The app was reasonable. The setup took a normal amount of time. Would consider buying again.,Neutral
R2970,"To be fair, This purchase was a pleasant surprise. Hope this review helps someone.",Positive
R2971,"The device had some good points like the price was fair, but also some downsides like it was hard to use. Mixed feelings overall.",Neutral
R2972,"In my experience, The delivery was a bad experience because it was hard to use. Just my honest review.",Negative
R2973,"All things considered, This purchase was top notch. The staff were helpful. Just my honest review.",Positive
R2974,"Just my two cents, This purchase was poor quality because the staff were rude. Overall that sums up my experience.",Negative
R2975,"So far, The package worked perfectly. Everything worked smoothly. That is my honest take.",Positive
R2976,"To be fair, My order was a pleasant surprise. The staff were helpful. Sharing this for other buyers.",Positive
R2977,"After using it a while, This item was superb. Support responded quickly.",Positive
R2978,"The delivery was okay since it looked exactly as described, but it was hard to use.",Negative
R2979,This brand was superb. Would consider buying again.,Positive
R2980,"Overall, This brand was a waste of money because nothing worked smoothly. That is my honest take.",Negative
R2981,"In my experience, The quality met basic expectations. Just my honest review.",Neutral
R2982,"The delivery had some good points like the staff were helpful, but also some downsides like the price was not worth it. Mixed feelings overall.",Neutral
R2983,"The material it looked exactly as described, but had issues since the staff were rude.",Positive
R2984,"Overall, My order was standard. It mostly matched the description. Overall that sums up my experience.",Neutral
R2985,"Honestly, This item was ordinary. The quality was average.",Neutral
R2986,"My order was okay since the setup was simple, but support never responded.",Negative
R2987,"So far, The product was a great experience. Just my honest review.",Positive
R2988,"The device had some good points like it looked exactly as described, but also some downsides like the packaging was damaged. Mixed feelings overall.",Neutral
R2989,"The delivery had some good points like the staff were helpful, but also some downsides like nothing worked smoothly. Mixed feelings overall.",Neutral
R2990,"In my experience, The service was neither good nor bad because some things worked, some did not. Just my honest review.",Neutral
R2991,"This brand the staff were helpful, but had issues since the packaging was damaged.",Positive
R2992,"This purchase was okay since it looked exactly as described, but nothing worked smoothly.",Negative
R2993,"To be fair, The app did not work as expected. It looked nothing like described. Just my honest review.",Negative
R2994,The product never worked properly. Delivery took forever.,Negative
R2995,"In my experience, This purchase was neither good nor bad because delivery was on time. Would consider buying again.",Neutral
R2996,This item was a bad experience because the setup was a nightmare.,Negative
R2997,"In my experience, The package performed really well.",Positive
R2998,My order was a great experience.,Positive
R2999,"This brand had some good points like the quality was great, but also some downsides like the staff were rude. Mixed feelings overall.",Neutral
R3000,"To be fair, My order was about average because the quality was average.",Neutral
R3001,"All things considered, Customer support was a pleasant surprise. The setup was simple. Will update if anything changes.",Positive
R3002,"To be fair, The material was standard. Delivery was on time. Overall that sums up my experience.",Neutral
R3003,"To be fair, The product was outstanding because the setup was simple. That is my honest take.",Positive
R3004,"Honestly, The device was top notch because it was easy to use. Overall that sums up my experience.",Positive
R3005,"Personally, The website was better than expected because the packaging was excellent. Would consider buying again.",Negative
R3006,"The material worked as expected, nothing special. The setup took a normal amount of time. Overall that sums up my experience.",Neutral
R3007,"To be fair, The package was so-so because the quality was average. Just my honest review.",Neutral
R3008,"The package the packaging was excellent, but had issues since delivery took forever.",Positive
R3009,"The service was okay since support responded quickly, but support never responded.",Negative
R3010,"All things considered, The quality was decent enough because the price was fair for what it is.",Neutral
R3011,"Honestly, The product was neither good nor bad. Delivery was on time.",Neutral
R3012,"All things considered, The product worked most of the time. Some things worked, some did not. Would consider buying again.",Neutral
R3013,"In my experience, This item was better than expected. That is my honest take.",Positive
R3014,"Personally, Customer support was faulty because it was hard to use. Just my honest review.",Negative
R3015,"The website support responded quickly, but had issues since the packaging was damaged.",Positive
R3016,The delivery was a disappointment. Support never responded. Sharing this for other buyers.,Negative
R3017,"Personally, The quality was top notch because the packaging was excellent. Overall that sums up my experience.",Positive
R3018,"Just my two cents, Customer support was frustrating. Support never responded.",Negative
R3019,The product was a great experience. Just my honest review.,Positive
R3020,"All things considered, The product was about average.",Neutral
R3021,"Honestly, The support team was okay because the packaging was fine.",Neutral
R3022,"The service was okay since it looked exactly as described, but the packaging was damaged.",Negative
R3023,"This brand had some good points like it was easy to use, but also some downsides like support never responded. Mixed feelings overall.",Neutral
R3024,"The package was okay since the quality was great, but the price was not worth it.",Negative
R3025,"Honestly, My order was reasonable. Some things worked, some did not. Just my honest review.",Neutral
R3026,"All things considered, The product fell apart quickly because the quality was poor. Will update if anything changes.",Negative
R3027,"To be fair, This brand was fantastic because everything worked smoothly. Will update if anything changes.",Positive
R3028,"Personally, This item met basic expectations because the quality was average. Sharing this for other buyers.",Neutral
R3029,"In my experience, The quality was faulty. Delivery took forever. That is my honest take.",Negative
R3030,"The delivery it looked exactly as described, but had issues since the staff were rude.",Positive
R3031,"Just my two cents, The service was poor quality. Would consider buying again.",Negative
R3032,"All things considered, The website stopped working fast. Overall that sums up my experience.",Negative
R3033,"Customer support had some good points like support responded quickly, but also some downsides like nothing worked smoothly. Mixed feelings overall.",Neutral
R3034,"So far, Customer support made me very happy. Would consider buying again.",Positive
R3035,"In my experience, The support team was top notch because the packaging was excellent. Overall that sums up my experience.",Positive
R3036,"Overall, The delivery was completely unsatisfactory because it looked nothing like described. Hope this review helps someone.",Negative
R3037,"The website was okay since the packaging was excellent, but it was hard to use.",Negative
R3038,"To be fair, The service exceeded my expectations because delivery was fast.",Positive
R3039,"The website support responded quickly, but had issues since it was hard to use.",Positive
R3040,"This purchase was okay since it was easy to use, but it looked nothing like described.",Negative
R3041,"The service was okay since support responded quickly, but the quality was poor.",Negative
R3042,"Just my two cents, The material fell apart quickly. Delivery took forever. Just my honest review.",Negative
R3043,"So far, My order was a disappointment. That is my honest take.",Negative
R3044,"This brand was okay since it was easy to use, but the packaging was damaged.",Negative
R3045,This item was neither good nor bad. The price was fair for what it is.,Neutral
R3046,"The support team the staff were helpful, but had issues since the staff were rude.",Positive
R3047,"To be fair, Customer support was okay because delivery was on time. Hope this review helps someone.",Neutral
R3048,"Just my two cents, The material was standard because the staff were polite enough.",Neutral
R3049,"All things considered, The service was neither good nor bad.",Neutral
R3050,"So far, The support team never worked properly because the packaging was damaged. Will update if anything changes.",Negative
R3051,"Overall, This brand was fantastic. The staff were helpful. Just my honest review.",Positive
R3052,"After using it a while, My order was fine, nothing more. Overall that sums up my experience.",Neutral
R3053,"Honestly, Customer support was ordinary because the packaging was fine. Overall that sums up my experience.",Neutral
R3054,"In my experience, This brand was faulty.",Negative
R3055,"Honestly, The support team was a pleasant surprise. The staff were helpful. Sharing this for other buyers.",Neutral
R3056,"The quality support responded quickly, but had issues since support never responded.",Positive
R3057,"So far, This item was poor quality. The setup was a nightmare. Overall that sums up my experience.",Negative
R3058,"Just my two cents, The website was neither good nor bad. That is my honest take.",Neutral
R3059,"The website the staff were helpful, but had issues since nothing worked smoothly.",Positive
R3060,"This brand the quality was great, but had issues since nothing worked smoothly.",Positive
R3061,"In my experience, My order was fine, nothing more. Would consider buying again.",Neutral
R3062,Customer support fell apart quickly.,Negative
R3063,"To be fair, The package was ordinary. Will update if anything changes.",Neutral
R3064,"Personally, The service worked as expected, nothing special. Sharing this for other buyers.",Neutral
R3065,"The website had some good points like support responded quickly, but also some downsides like the packaging was damaged. Mixed feelings overall.",Neutral
R3066,"All things considered, The delivery performed really well because delivery was fast. Hope this review helps someone.",Positive
R3067,"To be fair, The delivery worked as expected, nothing special because some things worked, some did not.",Neutral
R3068,"Personally, The product was defective because nothing worked smoothly. Just my honest review.",Negative
R3069,"In my experience, This purchase was excellent. Will update if anything changes.",Positive
R3070,This item was faulty because support never responded. Sharing this for other buyers.,Negative
R3071,"The material had some good points like delivery was fast, but also some downsides like the quality was poor. Mixed feelings overall.",Neutral
R3072,"The service had some good points like the staff were helpful, but also some downsides like the quality was poor. Mixed feelings overall.",Neutral
R3073,"Honestly, The service worked as expected, nothing special because delivery was on time.",Neutral
R3074,"In my experience, The delivery was okay because delivery was on time. Hope this review helps someone.",Neutral
R3075,"Just my two cents, The app was ordinary. The packaging was fine.",Neutral
R3076,"So far, Customer support was fantastic. Overall that sums up my experience.",Positive
R3077,Customer support was a waste of money. Would consider buying again.,Negative
R3078,"This brand was okay since the setup was simple, but the price was not worth it.",Negative
R3079,"All things considered, The quality stopped working fast because it looked nothing like described. Will update if anything changes.",Negative
R3080,"The product was okay since the quality was great, but nothing worked smoothly.",Negative
R3081,"In my experience, This item was about average. Would consider buying again.",Neutral
R3082,"In my experience, This purchase worked perfectly because it was easy to use. Will update if anything changes.",Positive
R3083,"To be fair, The service was about average. Would consider buying again.",Neutral
R3084,The service was poor quality. Nothing worked smoothly. Would consider buying again.,Positive
R3085,"The material support responded quickly, but had issues since the quality was poor.",Positive
R3086,"In my experience, The product was top notch. Just my honest review.",Positive
R3087,"The quality was okay since support responded quickly, but delivery took forever.",Negative
R3088,"So far, The delivery was acceptable. The packaging was fine. Would consider buying again.",Neutral
R3089,"The service had some good points like the staff were helpful, but also some downsides like nothing worked smoothly. Mixed feelings overall.",Neutral
R3090,"The delivery delivery was fast, but had issues since the staff were rude.",Positive
R3091,"In my experience, The service fell apart quickly.",Negative
R3092,"In my experience, The material was decent enough. The staff were polite enough.",Neutral
R3093,"The service had some good points like it looked exactly as described, but also some downsides like the quality was poor. Mixed feelings overall.",Neutral
R3094,"So far, The material was completely unsatisfactory because support never responded. Overall that sums up my experience.",Negative
R3095,"In my experience, Customer support never worked properly. Will update if anything changes.",Negative
R3096,"The package everything worked smoothly, but had issues since nothing worked smoothly.",Positive
R3097,The device was a letdown. That is my honest take.,Negative
R3098,"Overall, The package was ordinary because the staff were polite enough. That is my honest take.",Neutral
R3099,"Personally, The product was fine, nothing more because the setup took a normal amount of time. Would consider buying again.",Neutral
R3100,"The package was okay since the quality was great, but the packaging was damaged.",Negative
R3101,"Customer support was okay since it was easy to use, but nothing worked smoothly.",Negative
R3102,"In my experience, My order was excellent.",Positive
R3103,"So far, The package was terrible. Would consider buying again.",Negative
R3104,"All things considered, The app was poor quality because delivery took forever.",Negative
R3105,"Just my two cents, The app fell apart quickly because delivery took forever.",Negative
R3106,"In my experience, The delivery was a great experience. It looked exactly as described. Hope this review helps someone.",Positive
R3107,"The app delivery was fast, but had issues since the packaging was damaged.",Positive
R3108,"In my experience, Customer support was terrible because the quality was poor.",Negative
R3109,"So far, The product was defective. It looked nothing like described.",Negative
R3110,"After using it a while, The website did the basic job. The quality was average. Just my honest review.",Neutral
R3111,"Overall, The service was frustrating because the quality was poor. Just my honest review.",Negative
R3112,"In my experience, The service was a disappointment because it was hard to use.",Negative
R3113,"Personally, My order worked flawlessly because it was easy to use.",Positive
R3114,"The delivery had some good points like it was easy to use, but also some downsides like it was hard to use. Mixed feelings overall.",Neutral
R3115,"This purchase had some good points like the quality was great, but also some downsides like support never responded. Mixed feelings overall.",Neutral
R3116,"Personally, This item was excellent. Will update if anything changes.",Positive
R3117,"The support team the staff were helpful, but had issues since nothing worked smoothly.",Positive
R3118,"All things considered, The product never worked properly. Would consider buying again.",Negative
R3119,"The support team the packaging was excellent, but had issues since the packaging was damaged.",Positive
R3120,"After using it a while, The quality was frustrating. Delivery took forever. Overall that sums up my experience.",Negative
R3121,"In my experience, This purchase was faulty. Support never responded.",Negative
R3122,"Personally, The quality met basic expectations because support responded eventually.",Positive
R3123,"The material the quality was great, but had issues since the packaging was damaged.",Positive
R3124,"The app had some good points like support responded quickly, but also some downsides like it looked nothing like described. Mixed feelings overall.",Neutral
R3125,"Just my two cents, The device was completely unsatisfactory.",Negative
R3126,"To be fair, The website was a waste of money. The setup was a nightmare.",Negative
R3127,"Personally, Customer support arrived damaged. Sharing this for other buyers.",Negative
R3128,"This purchase the staff were helpful, but had issues since the packaging was damaged.",Positive
R3129,"This brand had some good points like support responded quickly, but also some downsides like it looked nothing like described. Mixed feelings overall.",Negative
R3130,"After using it a while, My order was poor quality because support never responded. Will update if anything changes.",Negative
R3131,"The device was okay since the quality was great, but nothing worked smoothly.",Negative
R3132,"So far, The support team was about average. The price was fair for what it is. Hope this review helps someone.",Neutral
R3133,"The material the packaging was excellent, but had issues since the quality was poor.",Positive
R3134,"In my experience, The website was so-so. Overall that sums up my experience.",Neutral
R3135,"The package the quality was great, but had issues since nothing worked smoothly.",Positive
R3136,"The product had some good points like the staff were helpful, but also some downsides like support never responded. Mixed feelings overall.",Neutral
R3137,"Personally, The package did not work as expected because nothing worked smoothly.",Negative
R3138,"To be fair, The device fell apart quickly. The packaging was damaged. Sharing this for other buyers.",Negative
R3139,"Overall, The package was fine, nothing more because it was somewhat easy to use. Sharing this for other buyers.",Neutral
R3140,"This purchase support responded quickly, but had issues since the packaging was damaged.",Positive
R3141,"To be fair, The package was top notch because the staff were helpful.",Positive
R3142,"The website had some good points like delivery was fast, but also some downsides like the setup was a nightmare. Mixed feelings overall.",Neutral
R3143,"The support team support responded quickly, but had issues since delivery took forever.",Positive
R3144,"The material was okay since delivery was fast, but it was hard to use.",Negative
R3145,"This item was okay since the setup was simple, but support never responded.",Negative
R3146,"Personally, The delivery was terrible. Support never responded.",Negative
R3147,"Honestly, The quality was frustrating. The price was not worth it. Just my honest review.",Negative
R3148,"Honestly, The support team impressed me a lot because the quality was great. Sharing this for other buyers.",Positive
R3149,"The device was okay since everything worked smoothly, but the quality was poor.",Negative
R3150,"Personally, This purchase was a great experience. Delivery was fast. Hope this review helps someone.",Positive
R3151,"Honestly, The delivery was a waste of money because the setup was a nightmare. Would consider buying again.",Negative
R3152,"The device it looked exactly as described, but had issues since the price was not worth it.",Positive
R3153,"The quality worked as expected, nothing special because it mostly matched the description. Just my honest review.",Neutral
R3154,"All things considered, This purchase was completely unsatisfactory because it looked nothing like described. Hope this review helps someone.",Negative
R3155,"Just my two cents, The quality never worked properly. The packaging was damaged. Hope this review helps someone.",Negative
R3156,"Personally, The material was faulty because the packaging was damaged. Sharing this for other buyers.",Negative
R3157,"The delivery was okay since support responded quickly, but the setup was a nightmare.",Negative
R3158,"To be fair, My order was excellent.",Positive
R3159,"This item the quality was great, but had issues since the packaging was damaged.",Positive
R3160,"Just my two cents, The delivery was a disappointment.",Negative
R3161,"Customer support the packaging was excellent, but had issues since the packaging was damaged.",Positive
R3162,"My order had some good points like the staff were helpful, but also some downsides like the staff were rude. Mixed feelings overall.",Neutral
R3163,"Overall, The material was a letdown because the quality was poor.",Negative
R3164,"In my experience, The product was decent enough. That is my honest take.",Neutral
R3165,"To be fair, The support team fell apart quickly because the price was not worth it. Just my honest review.",Negative
R3166,"All things considered, The product performed really well because the staff were helpful. Sharing this for other buyers.",Positive
R3167,"Personally, The support team was top notch because the staff were helpful. Overall that sums up my experience.",Positive
R3168,"The product the quality was great, but had issues since it was hard to use.",Positive
R3169,"My order was okay since everything worked smoothly, but the price was not worth it.",Negative
R3170,"After using it a while, The delivery made me very happy. Delivery was fast. Just my honest review.",Positive
R3171,"Overall, The app was neither good nor bad because the packaging was fine.",Neutral
R3172,"Personally, This item worked most of the time. The packaging was fine. Hope this review helps someone.",Neutral
R3173,"After using it a while, The service worked perfectly. That is my honest take.",Positive
R3174,"After using it a while, This purchase was neither good nor bad. Overall that sums up my experience.",Neutral
R3175,"Personally, The website was about average because some things worked, some did not. Just my honest review.",Neutral
R3176,"This purchase had some good points like the price was fair, but also some downsides like the staff were rude. Mixed feelings overall.",Neutral
R3177,"In my experience, The support team was excellent because it was easy to use. Overall that sums up my experience.",Positive
R3178,"In my experience, Customer support was a bad experience. Support never responded.",Negative
R3179,"The device the packaging was excellent, but had issues since the setup was a nightmare.",Positive
R3180,"All things considered, The package was excellent. The price was fair. Overall that sums up my experience.",Positive
R3181,"The material had some good points like the packaging was excellent, but also some downsides like the staff were rude. Mixed feelings overall.",Neutral
R3182,"The app was okay since the packaging was excellent, but the packaging was damaged.",Negative
R3183,"The delivery was okay since delivery was fast, but nothing worked smoothly.",Negative
R3184,"This brand had some good points like the staff were helpful, but also some downsides like it looked nothing like described. Mixed feelings overall.",Neutral
R3185,"After using it a while, The device was fine, nothing more. The packaging was fine.",Neutral
R3186,"Customer support had some good points like support responded quickly, but also some downsides like the staff were rude. Mixed feelings overall.",Neutral
R3187,"Honestly, The package was defective. Just my honest review.",Negative
R3188,"This brand had some good points like the setup was simple, but also some downsides like the quality was poor. Mixed feelings overall.",Neutral
R3189,"So far, The device worked most of the time because the packaging was fine.",Neutral
R3190,"Just my two cents, The device was completely unsatisfactory because nothing worked smoothly. That is my honest take.",Negative
R3191,"Overall, Customer support was excellent because delivery was fast. That is my honest take.",Positive
R3192,"In my experience, The quality worked most of the time. The staff were polite enough. Would consider buying again.",Neutral
R3193,My order was top notch. Would consider buying again.,Positive
R3194,"Personally, Customer support was excellent because it looked exactly as described. Just my honest review.",Positive
R3195,"After using it a while, The app was a pleasant surprise because the quality was great. Overall that sums up my experience.",Positive
R3196,"In my experience, This item was so-so because support responded eventually. Sharing this for other buyers.",Neutral
R3197,"Just my two cents, The quality was neither good nor bad because the setup took a normal amount of time. That is my honest take.",Neutral
R3198,"My order the quality was great, but had issues since delivery took forever.",Positive
R3199,"The support team was okay since support responded quickly, but the packaging was damaged.",Negative
R3200,"To be fair, Customer support was fantastic. Hope this review helps someone.",Positive
R3201,"The quality the quality was great, but had issues since the setup was a nightmare.",Positive
R3202,"Personally, The device was excellent. The setup was simple. Hope this review helps someone.",Positive
R3203,"So far, Customer support was better than expected. Delivery was fast. Sharing this for other buyers.",Positive
R3204,"In my experience, This item was a waste of money. Support never responded. Will update if anything changes.",Negative
R3205,"So far, This item worked as expected, nothing special because delivery was on time.",Neutral
R3206,"Honestly, My order was neither good nor bad.",Neutral
R3207,"Overall, The package was okay. That is my honest take.",Neutral
R3208,"Honestly, Customer support worked flawlessly. Everything worked smoothly.",Positive
R3209,"After using it a while, The product was a pleasant surprise. It was easy to use.",Positive
R3210,"This purchase was okay since everything worked smoothly, but the packaging was damaged.",Negative
R3211,"The website had some good points like the setup was simple, but also some downsides like support never responded. Mixed feelings overall.",Neutral
R3212,"To be fair, The quality was terrible because the packaging was damaged.",Negative
R3213,"Overall, The material was exactly what I needed.",Positive
R3214,"The delivery delivery was fast, but had issues since the setup was a nightmare.",Positive
R3215,"To be fair, The device was about average because the staff were polite enough. That is my honest take.",Neutral
R3216,"In my experience, The app stopped working fast. The price was not worth it. Just my honest review.",Negative
R3217,"So far, This item was superb. Support responded quickly. Overall that sums up my experience.",Positive
R3218,"My order was okay since the price was fair, but the price was not worth it.",Negative
R3219,"Overall, The support team did the basic job. The quality was average. That is my honest take.",Neutral
R3220,"This purchase delivery was fast, but had issues since the staff were rude.",Positive
R3221,"Overall, The website performed really well because everything worked smoothly. That is my honest take.",Neutral
R3222,"The website was okay since delivery was fast, but the staff were rude.",Negative
R3223,"Personally, My order was acceptable because the setup took a normal amount of time. That is my honest take.",Neutral
R3224,"In my experience, This brand impressed me a lot. Will update if anything changes.",Positive
R3225,"In my experience, The delivery was better than expected. The packaging was excellent. Just my honest review.",Positive
R3226,"The quality was okay since the setup was simple, but the setup was a nightmare.",Negative
R3227,"The website support responded quickly, but had issues since the setup was a nightmare.",Positive
R3228,"The website had some good points like the staff were helpful, but also some downsides like the packaging was damaged. Mixed feelings overall.",Neutral
R3229,"After using it a while, The package was better than expected because everything worked smoothly. Overall that sums up my experience.",Positive
R3230,"So far, Customer support was exactly what I needed.",Positive
R3231,"The quality the setup was simple, but had issues since the packaging was damaged.",Positive
R3232,"Overall, This brand was exactly what I needed. Delivery was fast. Just my honest review.",Positive
R3233,"All things considered, The website was a great experience. The price was fair. Just my honest review.",Positive
R3234,"After using it a while, The package did not work as expected. Would consider buying again.",Negative
R3235,"Just my two cents, This brand worked most of the time because the staff were polite enough. Hope this review helps someone.",Neutral
R3236,The quality impressed me a lot because it was easy to use. Will update if anything changes.,Positive
R3237,"Personally, The app never worked properly because the price was not worth it.",Negative
R3238,"In my experience, The support team was poor quality because the staff were rude. That is my honest take.",Negative
R3239,The service was a bad experience. Sharing this for other buyers.,Negative
R3240,"My order the staff were helpful, but had issues since the quality was poor.",Positive
R3241,"Honestly, The material was defective. Just my honest review.",Negative
R3242,"Just my two cents, The package met basic expectations.",Neutral
R3243,"To be fair, The device exceeded my expectations. Sharing this for other buyers.",Positive
R3244,"All things considered, The package made me very happy. Everything worked smoothly. Overall that sums up my experience.",Positive
R3245,"The delivery was okay since it was easy to use, but it looked nothing like described.",Negative
R3246,"In my experience, Customer support was fantastic. Sharing this for other buyers.",Positive
R3247,"So far, The app was neither good nor bad because the quality was average. Hope this review helps someone.",Neutral
R3248,The quality was a waste of money because it was hard to use. Overall that sums up my experience.,Negative
R3249,"Overall, The delivery arrived damaged. The packaging was damaged. Overall that sums up my experience.",Negative
R3250,"Overall, This purchase was top notch. The setup was simple. Would consider buying again.",Positive
R3251,"Customer support the quality was great, but had issues since support never responded.",Positive
R3252,"Honestly, My order arrived damaged because support never responded. Just my honest review.",Negative
R3253,"The device had some good points like the price was fair, but also some downsides like the staff were rude. Mixed feelings overall.",Neutral
R3254,"After using it a while, The service was frustrating because support never responded. Overall that sums up my experience.",Negative
R3255,"The material the staff were helpful, but had issues since the quality was poor.",Positive
R3256,"To be fair, This brand stopped working fast. The staff were rude.",Negative
R3257,"To be fair, The package was a bad experience because the packaging was damaged. Overall that sums up my experience.",Negative
R3258,"My order had some good points like everything worked smoothly, but also some downsides like delivery took forever. Mixed feelings overall.",Neutral
R3259,"This item had some good points like the packaging was excellent, but also some downsides like the staff were rude. Mixed feelings overall.",Neutral
R3260,"Just my two cents, This brand fell apart quickly.",Negative
R3261,"Personally, The website impressed me a lot. The staff were helpful. Would consider buying again.",Positive
R3262,"Honestly, Customer support was acceptable. The quality was average.",Neutral
R3263,"The product was okay since the packaging was excellent, but nothing worked smoothly.",Negative
R3264,"My order the setup was simple, but had issues since the staff were rude.",Positive
R3265,"To be fair, This brand met basic expectations. Support responded eventually. Will update if anything changes.",Neutral
R3266,"The app had some good points like the setup was simple, but also some downsides like delivery took forever. Mixed feelings overall.",Neutral
R3267,"So far, The website was outstanding. That is my honest take.",Neutral
R3268,"All things considered, The app was decent enough because the staff were polite enough.",Neutral
R3269,"Honestly, The support team was superb. It was easy to use. Overall that sums up my experience.",Positive
R3270,"Just my two cents, My order arrived damaged. Just my honest review.",Negative
R3271,"The service it looked exactly as described, but had issues since nothing worked smoothly.",Positive
R3272,"Personally, The service was about average. The setup took a normal amount of time. Hope this review helps someone.",Neutral
R3273,"All things considered, The service was so-so. Support responded eventually. Will update if anything changes.",Negative
R3274,"In my experience, The package was defective because the setup was a nightmare.",Negative
R3275,"Just my two cents, The quality was outstanding. That is my honest take.",Positive
R3276,"Overall, This item was neither good nor bad. Overall that sums up my experience.",Neutral
R3277,"The website had some good points like the staff were helpful, but also some downsides like it looked nothing like described. Mixed feelings overall.",Neutral
R3278,"The quality had some good points like the quality was great, but also some downsides like the setup was a nightmare. Mixed feelings overall.",Neutral
R3279,"The service was okay since delivery was fast, but the quality was poor.",Negative
R3280,"To be fair, This brand performed really well. Would consider buying again.",Positive
R3281,"Personally, The delivery was so-so because support responded eventually. Would consider buying again.",Neutral
R3282,"Overall, The support team was fine, nothing more because delivery was on time. Sharing this for other buyers.",Neutral
R3283,"All things considered, This brand was superb because it looked exactly as described.",Positive
R3284,"In my experience, The material was exactly what I needed because support responded quickly. Overall that sums up my experience.",Positive
R3285,"To be fair, The service was a bad experience. Just my honest review.",Negative
R3286,"After using it a while, The product was a bad experience because delivery took forever.",Negative
R3287,"In my experience, The service was terrible. The staff were rude. Overall that sums up my experience.",Negative
R3288,"Overall, This brand worked perfectly.",Positive
R3289,"The device was okay since the price was fair, but support never responded.",Negative
R3290,"Honestly, The app met basic expectations. Would consider buying again.",Neutral
R3291,"All things considered, The device was standard. Hope this review helps someone.",Neutral
R3292,The support team impressed me a lot. The price was fair. Just my honest review.,Positive
R3293,"This item the staff were helpful, but had issues since support never responded.",Positive
R3294,"My order was okay since everything worked smoothly, but the setup was a nightmare.",Negative
R3295,This item was a great experience. Just my honest review.,Positive
R3296,"In my experience, The package was decent enough because the quality was average.",Neutral
R3297,"Customer support the quality was great, but had issues since nothing worked smoothly.",Positive
R3298,"Personally, Customer support was excellent because support responded quickly. Would consider buying again.",Positive
R3299,"The package was okay since delivery was fast, but nothing worked smoothly.",Negative
R3300,"The device had some good points like the packaging was excellent, but also some downsides like support never responded. Mixed feelings overall.",Neutral
R3301,"Personally, This brand was standard because delivery was on time. Sharing this for other buyers.",Neutral
R3302,"To be fair, The website was acceptable because it was somewhat easy to use.",Neutral
R3303,The service was exactly what I needed.,Positive
R3304,"The product had some good points like the staff were helpful, but also some downsides like the price was not worth it. Mixed feelings overall.",Neutral
R3305,"Just my two cents, The material fell apart quickly. The price was not worth it.",Negative
R3306,"Customer support was okay since everything worked smoothly, but the price was not worth it.",Negative
R3307,"The support team the price was fair, but had issues since the price was not worth it.",Positive
R3308,"Personally, The device arrived damaged.",Negative
R3309,"This item was okay since the staff were helpful, but the price was not worth it.",Negative
R3310,"The quality was okay since it looked exactly as described, but the staff were rude.",Negative
R3311,"After using it a while, The app was defective because the quality was poor. Would consider buying again.",Negative
R3312,"All things considered, The product was okay because some things worked, some did not.",Neutral
R3313,"My order had some good points like the packaging was excellent, but also some downsides like the staff were rude. Mixed feelings overall.",Neutral
R3314,"Overall, The product impressed me a lot because the staff were helpful. That is my honest take.",Positive
R3315,"Honestly, The quality was neither good nor bad because support responded eventually. Will update if anything changes.",Neutral
R3316,"After using it a while, The quality was standard because some things worked, some did not.",Neutral
R3317,"Honestly, Customer support worked perfectly.",Positive
R3318,"Overall, The website was a letdown. That is my honest take.",Positive
R3319,"All things considered, The quality was acceptable. Hope this review helps someone.",Neutral
R3320,"Personally, The support team never worked properly.",Negative
R3321,"After using it a while, The product stopped working fast. Hope this review helps someone.",Negative
R3322,"To be fair, The support team worked perfectly because support responded quickly. Just my honest review.",Positive
R3323,"So far, The website worked most of the time. The packaging was fine. Would consider buying again.",Neutral
R3324,"The app had some good points like support responded quickly, but also some downsides like delivery took forever. Mixed feelings overall.",Neutral
R3325,"All things considered, The service stopped working fast. Delivery took forever.",Negative
R3326,"So far, The material stopped working fast. Delivery took forever. That is my honest take.",Negative
R3327,"All things considered, This purchase was a pleasant surprise because it was easy to use.",Positive
R3328,"The support team had some good points like delivery was fast, but also some downsides like nothing worked smoothly. Mixed feelings overall.",Neutral
R3329,"This brand the price was fair, but had issues since delivery took forever.",Positive
R3330,"The service delivery was fast, but had issues since it was hard to use.",Positive
R3331,"Personally, Customer support was exactly what I needed. The staff were helpful.",Positive
R3332,"Personally, The package was a waste of money. Nothing worked smoothly.",Negative
R3333,"The device was okay since delivery was fast, but delivery took forever.",Negative
R3334,"The delivery it looked exactly as described, but had issues since support never responded.",Positive
R3335,"The quality was okay since the quality was great, but it was hard to use.",Negative
R3336,"The material the quality was great, but had issues since support never responded.",Positive
R3337,"This purchase the price was fair, but had issues since the packaging was damaged.",Positive
R3338,"Just my two cents, The delivery was frustrating. Nothing worked smoothly.",Negative
R3339,"In my experience, The device was decent enough.",Neutral
R3340,"So far, The material did the basic job because support responded eventually.",Neutral
R3341,"Honestly, The app made me very happy.",Positive
R3342,"All things considered, The service was standard. Just my honest review.",Neutral
R3343,"Just my two cents, The product was a great experience. That is my honest take.",Positive
R3344,"This brand was okay since the setup was simple, but delivery took forever.",Negative
R3345,"Honestly, The package was fine, nothing more. Overall that sums up my experience.",Neutral
R3346,"So far, My order fell apart quickly. Hope this review helps someone.",Negative
R3347,"All things considered, The package was fine, nothing more. Will update if anything changes.",Neutral
R3348,"The website it looked exactly as described, but had issues since nothing worked smoothly.",Positive
R3349,"In my experience, This brand was superb. Overall that sums up my experience.",Positive
R3350,"This purchase was okay since everything worked smoothly, but the staff were rude.",Negative
R3351,"The package had some good points like everything worked smoothly, but also some downsides like the packaging was damaged. Mixed feelings overall.",Neutral
R3352,"The support team it was easy to use, but had issues since it was hard to use.",Positive
R3353,"To be fair, The support team was poor quality because support never responded. Hope this review helps someone.",Negative
R3354,"In my experience, The device was faulty. The staff were rude. Would consider buying again.",Negative
R3355,"The app had some good points like support responded quickly, but also some downsides like the staff were rude. Mixed feelings overall.",Neutral
R3356,"Honestly, This purchase was fantastic. The staff were helpful. Would consider buying again.",Positive
R3357,"All things considered, The material was so-so. The quality was average. Just my honest review.",Neutral
R3358,"My order was okay since it was easy to use, but the quality was poor.",Negative
R3359,"So far, The support team was fantastic. The staff were helpful. That is my honest take.",Positive
R3360,"After using it a while, The app was acceptable.",Neutral
R3361,"In my experience, The product worked perfectly because delivery was fast. Will update if anything changes.",Positive
R3362,"All things considered, The website was ordinary. The setup took a normal amount of time. That is my honest take.",Neutral
R3363,"Just my two cents, This brand worked flawlessly because everything worked smoothly. That is my honest take.",Positive
R3364,"Honestly, The product was superb. Sharing this for other buyers.",Positive
R3365,"Just my two cents, The support team was exactly what I needed.",Positive
R3366,"So far, The app was okay. That is my honest take.",Neutral
R3367,"The quality delivery was fast, but had issues since the setup was a nightmare.",Positive
R3368,"All things considered, This brand was defective. Sharing this for other buyers.",Negative
R3369,"The delivery had some good points like the staff were helpful, but also some downsides like support never responded. Mixed feelings overall.",Neutral
R3370,"The device the setup was simple, but had issues since nothing worked smoothly.",Positive
R3371,"Personally, The delivery did the basic job. That is my honest take.",Neutral
R3372,"In my experience, The material was better than expected because the price was fair. Overall that sums up my experience.",Positive
R3373,The website was a great experience. It was easy to use. Hope this review helps someone.,Positive
R3374,"So far, The quality was top notch.",Positive
R3375,"Personally, The material was outstanding.",Positive
R3376,"This brand was okay since the quality was great, but the setup was a nightmare.",Negative
R3377,The product was a bad experience. Would consider buying again.,Negative
R3378,"The device was okay since it looked exactly as described, but it was hard to use.",Negative
R3379,"So far, The package worked most of the time. Sharing this for other buyers.",Neutral
R3380,"So far, The product fell apart quickly because the price was not worth it. That is my honest take.",Negative
R3381,"Overall, My order worked as expected, nothing special. The setup took a normal amount of time. Sharing this for other buyers.",Neutral
R3382,"Overall, This item was neither good nor bad. It mostly matched the description. Sharing this for other buyers.",Negative
R3383,The device was acceptable because the price was fair for what it is.,Neutral
R3384,"Honestly, The package was outstanding because support responded quickly. Will update if anything changes.",Positive
R3385,"The app had some good points like the packaging was excellent, but also some downsides like the staff were rude. Mixed feelings overall.",Neutral
R3386,"The quality the setup was simple, but had issues since the price was not worth it.",Positive
R3387,"All things considered, This brand was completely unsatisfactory. Nothing worked smoothly. Just my honest review.",Negative
R3388,"So far, The service was a disappointment. The setup was a nightmare.",Negative
R3389,"Honestly, The support team worked flawlessly. It looked exactly as described.",Positive
R3390,"After using it a while, The device was a bad experience. Hope this review helps someone.",Negative
R3391,"So far, The service was a disappointment because the packaging was damaged.",Negative
R3392,"All things considered, The quality was exactly what I needed. It was easy to use. Will update if anything changes.",Positive
R3393,"All things considered, This brand was terrible because nothing worked smoothly. Just my honest review.",Negative
R3394,"Just my two cents, My order was terrible. The price was not worth it. Overall that sums up my experience.",Negative
R3395,"So far, This item was outstanding.",Positive
R3396,"So far, The package was standard. Some things worked, some did not. Hope this review helps someone.",Neutral
R3397,"Honestly, This purchase was neither good nor bad. Would consider buying again.",Neutral
R3398,"Just my two cents, The service was completely unsatisfactory. The quality was poor. Just my honest review.",Negative
R3399,"To be fair, The quality was ordinary. Some things worked, some did not. That is my honest take.",Neutral
R3400,"So far, The device met basic expectations. Overall that sums up my experience.",Neutral
R3401,The delivery exceeded my expectations. The setup was simple. Hope this review helps someone.,Positive
R3402,"The delivery the quality was great, but had issues since it was hard to use.",Positive
R3403,"The support team was okay since the quality was great, but nothing worked smoothly.",Negative
R3404,"So far, The support team performed really well. The packaging was excellent. Hope this review helps someone.",Positive
R3405,"Personally, The website was superb because support responded quickly. Sharing this for other buyers.",Positive
R3406,"The delivery had some good points like it was easy to use, but also some downsides like support never responded. Mixed feelings overall.",Neutral
R3407,"So far, The product arrived damaged. Just my honest review.",Negative
R3408,"Just my two cents, This item was a waste of money. It looked nothing like described. Would consider buying again.",Negative
R3409,"The product was okay since it looked exactly as described, but the staff were rude.",Negative
R3410,"In my experience, The package met basic expectations. Will update if anything changes.",Neutral
R3411,"To be fair, The quality was reasonable because the setup took a normal amount of time.",Neutral
R3412,"In my experience, The support team fell apart quickly. Would consider buying again.",Negative
R3413,"So far, The delivery never worked properly because the price was not worth it. Overall that sums up my experience.",Negative
R3414,"The quality was okay since the staff were helpful, but the staff were rude.",Negative
R3415,"All things considered, This item was outstanding. The price was fair. Sharing this for other buyers.",Positive
R3416,"This brand the price was fair, but had issues since the staff were rude.",Positive
R3417,"The material delivery was fast, but had issues since the setup was a nightmare.",Positive
R3418,"The delivery was okay since delivery was fast, but the staff were rude.",Negative
R3419,"Overall, This brand was a disappointment. Overall that sums up my experience.",Negative
R3420,"So far, The product fell apart quickly because the packaging was damaged.",Negative
R3421,"This purchase the packaging was excellent, but had issues since the packaging was damaged.",Positive
R3422,"The product support responded quickly, but had issues since delivery took forever.",Positive
R3423,"Just my two cents, The support team was okay.",Neutral
R3424,"My order was okay since it was easy to use, but support never responded.",Negative
R3425,"Overall, This purchase was better than expected because it was easy to use. Hope this review helps someone.",Positive
R3426,"The support team had some good points like the setup was simple, but also some downsides like delivery took forever. Mixed feelings overall.",Neutral
R3427,"To be fair, The material exceeded my expectations. Everything worked smoothly. Overall that sums up my experience.",Positive
R3428,This brand was about average. That is my honest take.,Neutral
R3429,"Overall, This brand was about average because the packaging was fine. Overall that sums up my experience.",Neutral
R3430,"This purchase was okay since the packaging was excellent, but it was hard to use.",Negative
R3431,"All things considered, This item was neither good nor bad. Some things worked, some did not.",Neutral
R3432,"Honestly, My order was terrible. It was hard to use. That is my honest take.",Negative
R3433,"Personally, The delivery was excellent because the price was fair. Hope this review helps someone.",Positive
R3434,"Honestly, The website was exactly what I needed. Delivery was fast. Would consider buying again.",Positive
R3435,"Honestly, The product met basic expectations.",Neutral
R3436,"In my experience, The product stopped working fast. That is my honest take.",Negative
R3437,"The delivery had some good points like it looked exactly as described, but also some downsides like the setup was a nightmare. Mixed feelings overall.",Neutral
R3438,"This brand had some good points like the price was fair, but also some downsides like the quality was poor. Mixed feelings overall.",Neutral
R3439,"This item worked as expected, nothing special because it mostly matched the description. Sharing this for other buyers.",Neutral
R3440,"This brand had some good points like support responded quickly, but also some downsides like support never responded. Mixed feelings overall.",Neutral
R3441,"This item the packaging was excellent, but had issues since the setup was a nightmare.",Positive
R3442,The service was acceptable.,Neutral
R3443,"My order had some good points like the staff were helpful, but also some downsides like delivery took forever. Mixed feelings overall.",Neutral
R3444,"To be fair, The package never worked properly. Nothing worked smoothly. Overall that sums up my experience.",Negative
R3445,"In my experience, The material was terrible. The packaging was damaged.",Negative
R3446,"After using it a while, The app worked perfectly. Delivery was fast.",Positive
R3447,"Honestly, The quality was standard. The staff were polite enough. Will update if anything changes.",Neutral
R3448,"To be fair, The device was excellent because the staff were helpful. Hope this review helps someone.",Positive
R3449,"Just my two cents, This purchase was a bad experience. Nothing worked smoothly. Hope this review helps someone.",Negative
R3450,The material was terrible because the price was not worth it.,Negative
R3451,"Personally, The website was fantastic because delivery was fast. Overall that sums up my experience.",Negative
R3452,"So far, The quality was ordinary. The setup took a normal amount of time.",Neutral
R3453,"In my experience, The support team was a waste of money because it looked nothing like described.",Negative
R3454,The app was fantastic. Support responded quickly. Hope this review helps someone.,Positive
R3455,"Overall, The package worked as expected, nothing special. The price was fair for what it is. Hope this review helps someone.",Neutral
R3456,"The quality was okay since the setup was simple, but the staff were rude.",Negative
R3457,"Personally, The website was a disappointment. Just my honest review.",Negative
R3458,"The app had some good points like the staff were helpful, but also some downsides like the price was not worth it. Mixed feelings overall.",Neutral
R3459,"Personally, Customer support was ordinary. Some things worked, some did not.",Neutral
R3460,"The delivery was okay since it looked exactly as described, but the price was not worth it.",Negative
R3461,"In my experience, The delivery was fantastic because it looked exactly as described. That is my honest take.",Positive
R3462,The support team was completely unsatisfactory. Nothing worked smoothly. Would consider buying again.,Negative
R3463,"To be fair, The service was a waste of money because it looked nothing like described. Overall that sums up my experience.",Negative
R3464,"Just my two cents, The product was better than expected. The staff were helpful. That is my honest take.",Positive
R3465,"Honestly, The device worked perfectly. The price was fair.",Positive
R3466,"All things considered, The package was top notch. Delivery was fast. Sharing this for other buyers.",Positive
R3467,"The product was okay since the packaging was excellent, but the setup was a nightmare.",Negative
R3468,"To be fair, This brand was neither good nor bad. It was somewhat easy to use. Hope this review helps someone.",Neutral
R3469,"The delivery had some good points like the staff were helpful, but also some downsides like the packaging was damaged. Mixed feelings overall.",Neutral
R3470,"Personally, The material worked most of the time. It mostly matched the description. Will update if anything changes.",Neutral
R3471,"This item was okay since the staff were helpful, but it was hard to use.",Negative
R3472,"The app was okay since it looked exactly as described, but delivery took forever.",Negative
R3473,"Just my two cents, The quality worked perfectly. It was easy to use. Will update if anything changes.",Positive
R3474,"To be fair, The support team was a great experience. That is my honest take.",Positive
R3475,"All things considered, This item was terrible.",Negative
R3476,"Overall, The material was defective because nothing worked smoothly.",Negative
R3477,"After using it a while, The product met basic expectations. Overall that sums up my experience.",Neutral
R3478,"The material had some good points like the packaging was excellent, but also some downsides like nothing worked smoothly. Mixed feelings overall.",Neutral
R3479,"Overall, This purchase exceeded my expectations. Support responded quickly.",Positive
R3480,"The app was okay since it looked exactly as described, but the quality was poor.",Negative
R3481,"After using it a while, The package exceeded my expectations.",Positive
R3482,"In my experience, The service exceeded my expectations.",Positive
R3483,"To be fair, This item was a great experience because the quality was great. Will update if anything changes.",Positive
R3484,"Overall, The package was a waste of money because the price was not worth it. Will update if anything changes.",Negative
R3485,"The website was okay since the packaging was excellent, but the setup was a nightmare.",Negative
R3486,"This brand the packaging was excellent, but had issues since support never responded.",Positive
R3487,"After using it a while, This brand never worked properly. The quality was poor. Overall that sums up my experience.",Negative
R3488,"After using it a while, The package was a great experience. It looked exactly as described. Sharing this for other buyers.",Positive
R3489,"In my experience, Customer support was a waste of money because support never responded. That is my honest take.",Negative
R3490,"Honestly, The website was ordinary because the setup took a normal amount of time. Overall that sums up my experience.",Neutral
R3491,"The service was okay since it was easy to use, but the quality was poor.",Negative
R3492,"Personally, The support team was a disappointment. Support never responded. Sharing this for other buyers.",Negative
R3493,"The delivery had some good points like the quality was great, but also some downsides like support never responded. Mixed feelings overall.",Neutral
R3494,"The product was okay since the setup was simple, but the packaging was damaged.",Negative
R3495,"The quality had some good points like the quality was great, but also some downsides like the quality was poor. Mixed feelings overall.",Negative
R3496,"Personally, The support team was reasonable. Hope this review helps someone.",Neutral
R3497,"Honestly, This purchase stopped working fast because delivery took forever. Will update if anything changes.",Negative
R3498,"The website had some good points like the packaging was excellent, but also some downsides like it looked nothing like described. Mixed feelings overall.",Neutral
R3499,"Just my two cents, The support team was a letdown because the price was not worth it.",Negative
R3500,"This brand had some good points like the staff were helpful, but also some downsides like the quality was poor. Mixed feelings overall.",Neutral
R3501,"This purchase it looked exactly as described, but had issues since the price was not worth it.",Positive
R3502,"Honestly, The app was defective because nothing worked smoothly. Will update if anything changes.",Negative
R3503,"Just my two cents, This item was a disappointment.",Negative
R3504,"Overall, The material was reasonable. The staff were polite enough.",Neutral
R3505,"After using it a while, The product was acceptable. Will update if anything changes.",Neutral
R3506,"The website had some good points like the setup was simple, but also some downsides like the price was not worth it. Mixed feelings overall.",Neutral
R3507,The device was reasonable. That is my honest take.,Neutral
R3508,"So far, The service was fantastic because it looked exactly as described. Just my honest review.",Positive
R3509,"Customer support had some good points like the quality was great, but also some downsides like it looked nothing like described. Mixed feelings overall.",Neutral
R3510,"In my experience, The app was exactly what I needed. That is my honest take.",Positive
R3511,The website was reasonable because delivery was on time. That is my honest take.,Neutral
R3512,"Overall, The material was a waste of money. The quality was poor. Hope this review helps someone.",Negative
R3513,"To be fair, The material stopped working fast because the packaging was damaged. Overall that sums up my experience.",Negative
R3514,"The device had some good points like everything worked smoothly, but also some downsides like the setup was a nightmare. Mixed feelings overall.",Negative
R3515,"The device was okay since delivery was fast, but the staff were rude.",Negative
R3516,"The website had some good points like delivery was fast, but also some downsides like the staff were rude. Mixed feelings overall.",Neutral
R3517,"In my experience, The package was a great experience. Overall that sums up my experience.",Positive
R3518,"Overall, The service was outstanding.",Positive
R3519,"To be fair, The package worked most of the time. Would consider buying again.",Neutral
R3520,"In my experience, My order was about average.",Neutral
R3521,"After using it a while, The service worked as expected, nothing special. That is my honest take.",Negative
R3522,"Personally, My order was excellent.",Positive
R3523,"Just my two cents, Customer support was poor quality because the setup was a nightmare. Would consider buying again.",Negative
R3524,"The material was okay since the setup was simple, but the quality was poor.",Negative
R3525,"Personally, This purchase performed really well.",Positive
R3526,The quality did not work as expected. Just my honest review.,Negative
R3527,"All things considered, The app exceeded my expectations.",Positive
R3528,"So far, My order was about average. Will update if anything changes.",Neutral
R3529,"This item had some good points like the staff were helpful, but also some downsides like the packaging was damaged. Mixed feelings overall.",Neutral
R3530,"The device it was easy to use, but had issues since it was hard to use.",Positive
R3531,"All things considered, The package was better than expected because the packaging was excellent. Hope this review helps someone.",Positive
R3532,"This purchase was okay since the packaging was excellent, but nothing worked smoothly.",Negative
R3533,"This purchase the packaging was excellent, but had issues since it was hard to use.",Positive
R3534,"After using it a while, The delivery was frustrating because it looked nothing like described. That is my honest take.",Negative
R3535,"The device the setup was simple, but had issues since it looked nothing like described.",Positive
R3536,"This purchase support responded quickly, but had issues since delivery took forever.",Positive
R3537,"The website it was easy to use, but had issues since it was hard to use.",Neutral
R3538,"All things considered, The device was completely unsatisfactory. Overall that sums up my experience.",Negative
R3539,"To be fair, The website did not work as expected. Delivery took forever.",Negative
R3540,The service was better than expected.,Positive
R3541,"My order everything worked smoothly, but had issues since it looked nothing like described.",Positive
R3542,"The support team was okay since everything worked smoothly, but the quality was poor.",Negative
R3543,"After using it a while, The app was fine, nothing more because the staff were polite enough. Would consider buying again.",Neutral
R3544,"Overall, The package was exactly what I needed. The staff were helpful.",Positive
R3545,The app was a letdown. The price was not worth it. Sharing this for other buyers.,Negative
R3546,My order was acceptable. The quality was average. That is my honest take.,Neutral
R3547,"So far, The delivery was ordinary because it mostly matched the description.",Neutral
R3548,"Honestly, The delivery was standard because the staff were polite enough. Would consider buying again.",Neutral
R3549,"After using it a while, The quality was acceptable. That is my honest take.",Neutral
R3550,"This purchase delivery was fast, but had issues since the price was not worth it.",Positive
R3551,"Personally, The service was standard because it was somewhat easy to use. Just my honest review.",Neutral
R3552,"Personally, The website fell apart quickly because the staff were rude. Overall that sums up my experience.",Negative
R3553,"Overall, The service was neither good nor bad because support responded eventually. That is my honest take.",Neutral
R3554,"To be fair, The website worked flawlessly. Just my honest review.",Positive
R3555,"The service was okay since support responded quickly, but the setup was a nightmare.",Negative
R3556,"After using it a while, The material did the basic job. The setup took a normal amount of time. Will update if anything changes.",Neutral
R3557,"In my experience, The website was excellent. The setup was simple. Sharing this for other buyers.",Positive
R3558,Customer support was top notch. Support responded quickly. Sharing this for other buyers.,Negative
R3559,"Just my two cents, The material stopped working fast because it looked nothing like described. That is my honest take.",Negative
R3560,"After using it a while, This purchase was poor quality because delivery took forever. That is my honest take.",Negative
R3561,"In my experience, The package was neither good nor bad. Would consider buying again.",Neutral
R3562,The app was outstanding because support responded quickly. Sharing this for other buyers.,Positive
R3563,"The material it looked exactly as described, but had issues since nothing worked smoothly.",Positive
R3564,"This item support responded quickly, but had issues since support never responded.",Positive
R3565,"After using it a while, The package was acceptable. The price was fair for what it is. That is my honest take.",Neutral
R3566,"To be fair, My order was fine, nothing more.",Positive
R3567,"This brand was okay since delivery was fast, but nothing worked smoothly.",Negative
R3568,The product was decent enough. The setup took a normal amount of time. Overall that sums up my experience.,Neutral
R3569,"In my experience, The website was a letdown.",Negative
R3570,"Honestly, Customer support worked as expected, nothing special. Support responded eventually. Would consider buying again.",Neutral
R3571,"Honestly, The product was acceptable because the packaging was fine. Sharing this for other buyers.",Neutral
R3572,"So far, The package arrived damaged. The setup was a nightmare. Hope this review helps someone.",Negative
R3573,"My order was okay since support responded quickly, but support never responded.",Negative
R3574,"So far, The product was better than expected because support responded quickly. Will update if anything changes.",Positive
R3575,This brand was outstanding. Will update if anything changes.,Positive
R3576,"All things considered, This purchase was excellent. Overall that sums up my experience.",Positive
R3577,"Overall, The product was fine, nothing more. The price was fair for what it is. Just my honest review.",Neutral
R3578,"In my experience, The package was fantastic. Will update if anything changes.",Positive
R3579,"Personally, The package was outstanding because the setup was simple. Would consider buying again.",Positive
R3580,"The website had some good points like the setup was simple, but also some downsides like the staff were rude. Mixed feelings overall.",Neutral
R3581,The service did not work as expected. Support never responded. Would consider buying again.,Negative
R3582,"So far, The device worked most of the time.",Neutral
R3583,"Honestly, The delivery was faulty. Just my honest review.",Negative
R3584,The service stopped working fast because the setup was a nightmare.,Negative
R3585,"Just my two cents, The material was okay. Would consider buying again.",Neutral
R3586,"All things considered, The support team was frustrating.",Negative
R3587,"Personally, The product was reasonable. The staff were polite enough. That is my honest take.",Neutral
R3588,"Just my two cents, This brand was excellent. Just my honest review.",Positive
R3589,"Honestly, This item was excellent. Support responded quickly. That is my honest take.",Positive
R3590,"The service the quality was great, but had issues since delivery took forever.",Positive
R3591,"Honestly, The support team was ordinary. The packaging was fine. Just my honest review.",Neutral
R3592,"The service support responded quickly, but had issues since support never responded.",Positive
R3593,"The quality had some good points like everything worked smoothly, but also some downsides like nothing worked smoothly. Mixed feelings overall.",Neutral
R3594,"The app it was easy to use, but had issues since the staff were rude.",Positive
R3595,"In my experience, The device worked flawlessly. The staff were helpful. That is my honest take.",Positive
R3596,"Just my two cents, This purchase was reasonable. Will update if anything changes.",Neutral
R3597,"Honestly, The service did the basic job because the packaging was fine. Will update if anything changes.",Neutral
R3598,"To be fair, The app never worked properly because it looked nothing like described. Sharing this for other buyers.",Negative
R3599,"In my experience, The app was poor quality. The price was not worth it. Just my honest review.",Negative
R3600,"The delivery was okay since the packaging was excellent, but the setup was a nightmare.",Negative
R3601,"All things considered, The product was excellent. Sharing this for other buyers.",Positive
R3602,"In my experience, The material was a bad experience. The quality was poor. Overall that sums up my experience.",Negative
R3603,"Honestly, The app was decent enough because it mostly matched the description. Sharing this for other buyers.",Neutral
R3604,"The device delivery was fast, but had issues since the staff were rude.",Positive
R3605,"All things considered, Customer support did the basic job. It was somewhat easy to use. Will update if anything changes.",Neutral
R3606,"In my experience, The material met basic expectations because support responded eventually. Just my honest review.",Neutral
R3607,"After using it a while, The product was a great experience because the setup was simple. Just my honest review.",Positive
R3608,"Personally, The website worked perfectly. That is my honest take.",Positive
R3609,"My order was okay since the quality was great, but the packaging was damaged.",Negative
R3610,"Overall, My order was about average. That is my honest take.",Neutral
R3611,"Honestly, This brand was a waste of money. Nothing worked smoothly. Just my honest review.",Negative
R3612,"Overall, The package never worked properly. That is my honest take.",Negative
R3613,"In my experience, The support team was defective. Will update if anything changes.",Negative
R3614,"The material was okay since the setup was simple, but it was hard to use.",Negative
R3615,"All things considered, The quality worked as expected, nothing special. Sharing this for other buyers.",Neutral
R3616,"This item had some good points like everything worked smoothly, but also some downsides like delivery took forever. Mixed feelings overall.",Neutral
R3617,"Honestly, This brand was top notch. Support responded quickly. That is my honest take.",Positive
R3618,"Personally, Customer support was so-so. Some things worked, some did not. Would consider buying again.",Neutral
R3619,The package made me very happy because support responded quickly.,Neutral
R3620,"The quality had some good points like the quality was great, but also some downsides like it was hard to use. Mixed feelings overall.",Neutral
R3621,"Just my two cents, The product was frustrating because delivery took forever.",Negative
R3622,"Honestly, The service never worked properly because the setup was a nightmare. Hope this review helps someone.",Negative
R3623,"All things considered, The service stopped working fast. The price was not worth it. That is my honest take.",Negative
R3624,"After using it a while, The device worked most of the time. Sharing this for other buyers.",Neutral
R3625,"My order delivery was fast, but had issues since the packaging was damaged.",Positive
R3626,My order impressed me a lot. Overall that sums up my experience.,Positive
R3627,"Personally, Customer support was terrible. Overall that sums up my experience.",Negative
R3628,"Personally, The package was completely unsatisfactory because the packaging was damaged. That is my honest take.",Negative
R3629,"Just my two cents, The quality was exactly what I needed.",Positive
R3630,"All things considered, The material was exactly what I needed. Would consider buying again.",Positive
R3631,"The delivery had some good points like the price was fair, but also some downsides like it looked nothing like described. Mixed feelings overall.",Neutral
R3632,"All things considered, Customer support was a disappointment.",Negative
R3633,"The website had some good points like the setup was simple, but also some downsides like the packaging was damaged. Mixed feelings overall.",Neutral
R3634,"Personally, Customer support was a bad experience. Sharing this for other buyers.",Negative
R3635,"This item delivery was fast, but had issues since delivery took forever.",Positive
R3636,"The support team the price was fair, but had issues since delivery took forever.",Positive
R3637,"To be fair, This item stopped working fast. The quality was poor.",Negative
R3638,"To be fair, The service did the basic job.",Neutral
R3639,"After using it a while, This item was ordinary. Hope this review helps someone.",Neutral
R3640,"So far, The product was acceptable because the quality was average.",Neutral
R3641,"The app it looked exactly as described, but had issues since the packaging was damaged.",Positive
R3642,"Personally, This item exceeded my expectations because the quality was great. That is my honest take.",Positive
R3643,"Personally, The service arrived damaged. Would consider buying again.",Negative
R3644,"The service was okay since support responded quickly, but nothing worked smoothly.",Negative
R3645,"To be fair, The service was outstanding because delivery was fast. Hope this review helps someone.",Positive
R3646,"So far, The material was a letdown. The quality was poor. Overall that sums up my experience.",Negative
R3647,"After using it a while, Customer support fell apart quickly. The setup was a nightmare.",Negative
R3648,"Honestly, The material fell apart quickly. Overall that sums up my experience.",Negative
R3649,"This item was okay since the packaging was excellent, but the price was not worth it.",Negative
R3650,"After using it a while, This brand was outstanding because delivery was fast.",Positive
R3651,"Honestly, The website made me very happy. Overall that sums up my experience.",Positive
R3652,"The package delivery was fast, but had issues since the setup was a nightmare.",Positive
R3653,"After using it a while, This brand was so-so. Some things worked, some did not. Will update if anything changes.",Neutral
R3654,"After using it a while, The package was frustrating. Overall that sums up my experience.",Negative
R3655,"Just my two cents, The package was frustrating because nothing worked smoothly. That is my honest take.",Negative
R3656,"The product was okay since the setup was simple, but the setup was a nightmare.",Negative
R3657,"The package had some good points like delivery was fast, but also some downsides like delivery took forever. Mixed feelings overall.",Neutral
R3658,"Honestly, The delivery was ordinary.",Neutral
R3659,"This purchase had some good points like everything worked smoothly, but also some downsides like nothing worked smoothly. Mixed feelings overall.",Neutral
R3660,"This brand had some good points like delivery was fast, but also some downsides like nothing worked smoothly. Mixed feelings overall.",Neutral
R3661,"So far, This purchase was a pleasant surprise. It was easy to use. Will update if anything changes.",Positive
R3662,"Personally, The delivery was okay.",Neutral
R3663,My order was completely unsatisfactory because the price was not worth it. Will update if anything changes.,Negative
R3664,"To be fair, The app was frustrating. The setup was a nightmare.",Negative
R3665,"My order had some good points like the price was fair, but also some downsides like the staff were rude. Mixed feelings overall.",Neutral
R3666,"After using it a while, The product worked as expected, nothing special.",Neutral
R3667,"Overall, The quality worked flawlessly because the quality was great. That is my honest take.",Positive
R3668,"The material was okay since the staff were helpful, but the price was not worth it.",Negative
R3669,"Personally, The material was a disappointment.",Negative
R3670,"To be fair, Customer support was poor quality. Will update if anything changes.",Negative
R3671,"In my experience, The website was fantastic. It looked exactly as described.",Positive
R3672,"Customer support had some good points like the setup was simple, but also some downsides like the quality was poor. Mixed feelings overall.",Negative
R3673,"All things considered, This purchase was so-so. Overall that sums up my experience.",Neutral
R3674,"Personally, The quality was so-so. The quality was average.",Neutral
R3675,"Overall, The support team was frustrating because the staff were rude.",Neutral
R3676,"In my experience, The delivery was a pleasant surprise because everything worked smoothly.",Positive
R3677,"After using it a while, The website performed really well. It was easy to use. Just my honest review.",Positive
R3678,"All things considered, The material was okay.",Neutral
R3679,"In my experience, The delivery was decent enough. The setup took a normal amount of time. That is my honest take.",Neutral
R3680,"My order everything worked smoothly, but had issues since nothing worked smoothly.",Positive
R3681,"Honestly, The quality was excellent. Overall that sums up my experience.",Positive
R3682,"The service the quality was great, but had issues since the packaging was damaged.",Positive
R3683,"After using it a while, This purchase was neither good nor bad. It was somewhat easy to use. Hope this review helps someone.",Neutral
R3684,"Honestly, This item was outstanding because it looked exactly as described.",Positive
R3685,"My order it was easy to use, but had issues since the staff were rude.",Positive
R3686,"The support team was okay since it was easy to use, but the price was not worth it.",Negative
R3687,"So far, The product was okay. The quality was average. Overall that sums up my experience.",Neutral
R3688,"This item support responded quickly, but had issues since the staff were rude.",Positive
R3689,"The quality everything worked smoothly, but had issues since nothing worked smoothly.",Positive
R3690,"To be fair, The support team did the basic job. That is my honest take.",Neutral
R3691,"The service was okay since it looked exactly as described, but support never responded.",Negative
R3692,"Just my two cents, This brand was ordinary because support responded eventually. Overall that sums up my experience.",Neutral
R3693,"To be fair, This item was excellent because support responded quickly.",Positive
R3694,"To be fair, Customer support was poor quality. Would consider buying again.",Negative
R3695,"This brand was okay since support responded quickly, but it was hard to use.",Negative
R3696,"The device was okay since the staff were helpful, but it was hard to use.",Negative
R3697,The app made me very happy. Support responded quickly. Sharing this for other buyers.,Positive
R3698,"To be fair, This item worked most of the time. Hope this review helps someone.",Neutral
R3699,"The website had some good points like the staff were helpful, but also some downsides like support never responded. Mixed feelings overall.",Neutral
R3700,"So far, Customer support was a disappointment because the staff were rude.",Negative
R3701,"Overall, The website made me very happy. Delivery was fast. Hope this review helps someone.",Positive
R3702,"Honestly, This brand was top notch. It was easy to use. Will update if anything changes.",Positive
R3703,"This brand had some good points like it looked exactly as described, but also some downsides like nothing worked smoothly. Mixed feelings overall.",Neutral
R3704,"The quality was okay since the quality was great, but nothing worked smoothly.",Negative
R3705,"The product had some good points like the quality was great, but also some downsides like it was hard to use. Mixed feelings overall.",Neutral
R3706,"All things considered, The device was defective. Would consider buying again.",Negative
R3707,"After using it a while, My order did the basic job. It mostly matched the description. Will update if anything changes.",Neutral
R3708,"In my experience, The support team was exactly what I needed. Support responded quickly. Will update if anything changes.",Positive
R3709,This brand was a waste of money. Would consider buying again.,Neutral
R3710,"All things considered, The product made me very happy. That is my honest take.",Positive
R3711,"The delivery support responded quickly, but had issues since support never responded.",Positive
R3712,The delivery made me very happy because the setup was simple.,Positive
R3713,"To be fair, The package exceeded my expectations. The staff were helpful. Will update if anything changes.",Positive
R3714,"Overall, Customer support was a disappointment. The setup was a nightmare.",Negative
R3715,"In my experience, The service was excellent. Support responded quickly.",Positive
R3716,"The support team had some good points like the staff were helpful, but also some downsides like the setup was a nightmare. Mixed feelings overall.",Neutral
R3717,"To be fair, This purchase was fantastic. Just my honest review.",Positive
R3718,"Honestly, The package was better than expected.",Positive
R3719,"Honestly, The quality was superb. That is my honest take.",Positive
R3720,"Overall, This item was excellent because support responded quickly. Overall that sums up my experience.",Positive
R3721,"All things considered, The device was exactly what I needed.",Positive
R3722,"To be fair, The delivery met basic expectations. The quality was average. Just my honest review.",Neutral
R3723,"My order was okay since support responded quickly, but the quality was poor.",Negative
R3724,"So far, The delivery was completely unsatisfactory because the setup was a nightmare. Just my honest review.",Negative
R3725,"The product it was easy to use, but had issues since support never responded.",Positive
R3726,"In my experience, The package was outstanding. The staff were helpful.",Positive
R3727,"In my experience, This brand was fine, nothing more because it mostly matched the description. Will update if anything changes.",Neutral
R3728,"The quality was okay since delivery was fast, but the price was not worth it.",Negative
R3729,"Customer support was okay since it looked exactly as described, but support never responded.",Negative
R3730,"The service had some good points like the setup was simple, but also some downsides like the setup was a nightmare. Mixed feelings overall.",Neutral
R3731,"The material had some good points like the price was fair, but also some downsides like the staff were rude. Mixed feelings overall.",Neutral
R3732,"The device was okay since the staff were helpful, but support never responded.",Negative
R3733,"After using it a while, Customer support did the basic job because the staff were polite enough. Would consider buying again.",Positive
R3734,"In my experience, The support team met basic expectations.",Neutral
R3735,"After using it a while, My order was excellent because the staff were helpful. Overall that sums up my experience.",Positive
R3736,This purchase performed really well. Just my honest review.,Positive
R3737,"In my experience, This purchase stopped working fast. Overall that sums up my experience.",Negative
R3738,"This purchase had some good points like everything worked smoothly, but also some downsides like it was hard to use. Mixed feelings overall.",Neutral
R3739,"After using it a while, The app was fantastic.",Positive
R3740,"Overall, Customer support was terrible. Hope this review helps someone.",Negative
R3741,The quality was top notch. It was easy to use. Would consider buying again.,Positive
R3742,"The package the staff were helpful, but had issues since it looked nothing like described.",Positive
R3743,"The quality was okay since it was easy to use, but the staff were rude.",Negative
R3744,"Personally, My order was ordinary.",Neutral
R3745,"The website it was easy to use, but had issues since the setup was a nightmare.",Positive
R3746,"After using it a while, Customer support fell apart quickly because it looked nothing like described. That is my honest take.",Negative
R3747,"This brand it looked exactly as described, but had issues since it looked nothing like described.",Positive
R3748,"Overall, My order was a disappointment. Delivery took forever.",Negative
R3749,"The package had some good points like the packaging was excellent, but also some downsides like the packaging was damaged. Mixed feelings overall.",Neutral
R3750,"Honestly, This item was a great experience. Everything worked smoothly. Will update if anything changes.",Neutral
R3751,"Overall, My order was outstanding.",Positive
R3752,"My order was okay since it looked exactly as described, but the price was not worth it.",Negative
R3753,"My order was okay since it was easy to use, but delivery took forever.",Negative
R3754,"All things considered, The website was so-so. Delivery was on time. Sharing this for other buyers.",Neutral
R3755,"Just my two cents, The material fell apart quickly because the packaging was damaged.",Negative
R3756,"The package was okay since it was easy to use, but it was hard to use.",Negative
R3757,"Customer support was okay since it was easy to use, but support never responded.",Negative
R3758,"All things considered, This brand was neither good nor bad. The packaging was fine. Hope this review helps someone.",Neutral
R3759,"So far, This brand worked flawlessly.",Positive
R3760,"In my experience, The quality was so-so because the quality was average. Sharing this for other buyers.",Neutral
R3761,"The app had some good points like it was easy to use, but also some downsides like support never responded. Mixed feelings overall.",Neutral
R3762,"Overall, Customer support was a pleasant surprise.",Positive
R3763,"Overall, This brand was reasonable. Delivery was on time. Will update if anything changes.",Neutral
R3764,The device was so-so. The price was fair for what it is. Will update if anything changes.,Neutral
R3765,"After using it a while, The app was outstanding. Support responded quickly. Will update if anything changes.",Positive
R3766,"Personally, The quality was superb. The setup was simple. Hope this review helps someone.",Positive
R3767,"After using it a while, The delivery exceeded my expectations. That is my honest take.",Positive
R3768,"Just my two cents, The delivery performed really well. Will update if anything changes.",Positive
R3769,My order met basic expectations. The setup took a normal amount of time. That is my honest take.,Neutral
R3770,"All things considered, This item was poor quality. It was hard to use. Will update if anything changes.",Negative
R3771,The service never worked properly because delivery took forever. Overall that sums up my experience.,Negative
R3772,"The material had some good points like delivery was fast, but also some downsides like the price was not worth it. Mixed feelings overall.",Negative
R3773,"My order had some good points like support responded quickly, but also some downsides like it was hard to use. Mixed feelings overall.",Neutral
R3774,"Overall, The quality was reasonable. Will update if anything changes.",Neutral
R3775,The package did not work as expected because it was hard to use. That is my honest take.,Neutral
R3776,"The service had some good points like the quality was great, but also some downsides like the price was not worth it. Mixed feelings overall.",Neutral
R3777,"All things considered, The website arrived damaged. Hope this review helps someone.",Negative
R3778,"Overall, The quality was a great experience because it was easy to use. Hope this review helps someone.",Positive
R3779,"Overall, My order was a letdown. The quality was poor. Would consider buying again.",Negative
R3780,"The support team the packaging was excellent, but had issues since the setup was a nightmare.",Positive
R3781,"This item had some good points like it was easy to use, but also some downsides like the packaging was damaged. Mixed feelings overall.",Neutral
R3782,"Just my two cents, The delivery was excellent.",Positive
R3783,"The device support responded quickly, but had issues since the price was not worth it.",Positive
R3784,"The delivery was okay since the quality was great, but support never responded.",Negative
R3785,"After using it a while, The device was defective. Will update if anything changes.",Negative
R3786,"The support team had some good points like the quality was great, but also some downsides like support never responded. Mixed feelings overall.",Neutral
R3787,"Personally, The package was ordinary because the setup took a normal amount of time. Will update if anything changes.",Neutral
R3788,"All things considered, The material worked perfectly.",Positive
R3789,"The package had some good points like the staff were helpful, but also some downsides like nothing worked smoothly. Mixed feelings overall.",Neutral
R3790,"All things considered, This item was poor quality. The price was not worth it.",Negative
R3791,"To be fair, The service arrived damaged.",Negative
R3792,"So far, The delivery exceeded my expectations. Hope this review helps someone.",Positive
R3793,"The support team it looked exactly as described, but had issues since delivery took forever.",Positive
R3794,"Honestly, The website was fantastic because everything worked smoothly.",Positive
R3795,"The quality had some good points like the quality was great, but also some downsides like support never responded. Mixed feelings overall.",Neutral
R3796,"To be fair, The delivery was a great experience.",Positive
R3797,"Just my two cents, This purchase was acceptable. Support responded eventually.",Neutral
R3798,The quality was a great experience. Overall that sums up my experience.,Positive
R3799,"In my experience, The website was completely unsatisfactory. The staff were rude. Sharing this for other buyers.",Negative
R3800,"So far, The product was neither good nor bad. Some things worked, some did not. Just my honest review.",Neutral
R3801,"Just my two cents, The device exceeded my expectations. Would consider buying again.",Positive
R3802,"Overall, This purchase was faulty. Support never responded. Would consider buying again.",Negative
R3803,"Overall, The quality worked perfectly. Hope this review helps someone.",Positive
R3804,"The service was okay since the setup was simple, but delivery took forever.",Negative
R3805,"The website had some good points like the setup was simple, but also some downsides like delivery took forever. Mixed feelings overall.",Neutral
R3806,"The delivery was okay since it looked exactly as described, but delivery took forever.",Negative
R3807,"The device it looked exactly as described, but had issues since delivery took forever.",Positive
R3808,"Just my two cents, The material arrived damaged because the price was not worth it. That is my honest take.",Negative
R3809,"To be fair, The support team was poor quality. That is my honest take.",Negative
R3810,"Just my two cents, The package was frustrating because nothing worked smoothly. Hope this review helps someone.",Negative
R3811,This purchase was ordinary. Delivery was on time.,Neutral
R3812,"The app was okay since everything worked smoothly, but support never responded.",Negative
R3813,"After using it a while, This purchase did not work as expected because support never responded. Would consider buying again.",Negative
R3814,"In my experience, The product did not work as expected. The quality was poor. Would consider buying again.",Negative
R3815,"After using it a while, The delivery met basic expectations. The quality was average.",Neutral
R3816,"So far, The package never worked properly.",Negative
R3817,"So far, My order arrived damaged because it looked nothing like described.",Negative
R3818,"Just my two cents, My order worked flawlessly. Overall that sums up my experience.",Positive
R3819,"My order the quality was great, but had issues since support never responded.",Positive
R3820,"Personally, The device was defective.",Negative
R3821,"Personally, The delivery was reasonable. The quality was average. Would consider buying again.",Neutral
R3822,"The app the staff were helpful, but had issues since the packaging was damaged.",Positive
R3823,"Honestly, The support team was ordinary. Some things worked, some did not. Hope this review helps someone.",Neutral
R3824,"To be fair, This item made me very happy because delivery was fast. Sharing this for other buyers.",Positive
R3825,"All things considered, This item was defective. The quality was poor.",Negative
R3826,"After using it a while, This brand was frustrating. Would consider buying again.",Negative
R3827,"In my experience, The package was okay because the price was fair for what it is.",Neutral
R3828,"The website support responded quickly, but had issues since delivery took forever.",Positive
R3829,"After using it a while, The device was outstanding because the packaging was excellent. Would consider buying again.",Positive
R3830,"To be fair, The product was top notch because the packaging was excellent. Will update if anything changes.",Positive
R3831,"The support team delivery was fast, but had issues since delivery took forever.",Positive
R3832,"This item was okay since it was easy to use, but delivery took forever.",Negative
R3833,The package was a waste of money. The price was not worth it.,Negative
R3834,"After using it a while, The material was terrible because the packaging was damaged.",Negative
R3835,"Overall, This purchase worked perfectly because everything worked smoothly. Overall that sums up my experience.",Positive
R3836,"Personally, Customer support was fantastic because support responded quickly.",Positive
R3837,"Customer support had some good points like it was easy to use, but also some downsides like nothing worked smoothly. Mixed feelings overall.",Neutral
R3838,"Personally, This brand was reasonable. That is my honest take.",Neutral
R3839,"Honestly, My order worked most of the time. It was somewhat easy to use.",Neutral
R3840,"So far, The quality performed really well because the setup was simple.",Positive
R3841,Customer support was completely unsatisfactory.,Negative
R3842,"All things considered, The product worked most of the time. Will update if anything changes.",Neutral
R3843,The service was a disappointment. It was hard to use. Hope this review helps someone.,Negative
R3844,"Customer support was okay since it was easy to use, but delivery took forever.",Negative
R3845,"The quality was okay since it looked exactly as described, but delivery took forever.",Negative
R3846,"Just my two cents, The service was a disappointment. Overall that sums up my experience.",Neutral
R3847,"Overall, Customer support was frustrating.",Negative
R3848,"So far, This item was exactly what I needed. The packaging was excellent. That is my honest take.",Positive
R3849,"Just my two cents, The package was a bad experience because the staff were rude. Overall that sums up my experience.",Negative
R3850,"The device delivery was fast, but had issues since the price was not worth it.",Positive
R3851,"All things considered, The service impressed me a lot.",Positive
R3852,"The device was okay since everything worked smoothly, but the price was not worth it.",Negative
R3853,"So far, This item worked perfectly. The setup was simple. Overall that sums up my experience.",Positive
R3854,"All things considered, The device was better than expected because the staff were helpful.",Negative
R3855,"The service was okay since it looked exactly as described, but it was hard to use.",Negative
R3856,"After using it a while, The quality was frustrating. Delivery took forever. Will update if anything changes.",Negative
R3857,"Personally, The package fell apart quickly. Overall that sums up my experience.",Negative
R3858,"To be fair, The delivery was poor quality. Nothing worked smoothly.",Negative
R3859,"The app it was easy to use, but had issues since the price was not worth it.",Positive
R3860,"After using it a while, Customer support was ordinary because it was somewhat easy to use. Just my honest review.",Neutral
R3861,"To be fair, The package was okay because it mostly matched the description.",Neutral
R3862,"Honestly, My order was a waste of money. The setup was a nightmare.",Negative
R3863,"My order was okay since support responded quickly, but it was hard to use.",Negative
R3864,"Just my two cents, My order was terrible. Nothing worked smoothly. Hope this review helps someone.",Negative
R3865,"Just my two cents, The package was superb. That is my honest take.",Positive
R3866,"The app support responded quickly, but had issues since nothing worked smoothly.",Positive
R3867,"To be fair, The support team was excellent.",Positive
R3868,"After using it a while, The website was exactly what I needed. Will update if anything changes.",Positive
R3869,"Customer support had some good points like delivery was fast, but also some downsides like the quality was poor. Mixed feelings overall.",Neutral
R3870,"Just my two cents, The website was poor quality. The setup was a nightmare.",Negative
R3871,"Honestly, The support team was a letdown. It was hard to use. Sharing this for other buyers.",Negative
R3872,"So far, My order was exactly what I needed because delivery was fast. Overall that sums up my experience.",Positive
R3873,"Honestly, This item did the basic job. That is my honest take.",Negative
R3874,"To be fair, The delivery worked perfectly because the staff were helpful. Just my honest review.",Positive
R3875,"Personally, The device exceeded my expectations. Everything worked smoothly. Overall that sums up my experience.",Positive
R3876,"After using it a while, My order was about average. Just my honest review.",Neutral
R3877,"The app it looked exactly as described, but had issues since the price was not worth it.",Positive
R3878,"After using it a while, The quality was better than expected. Would consider buying again.",Positive
R3879,"Overall, The service was a bad experience. It looked nothing like described. Would consider buying again.",Negative
R3880,"Just my two cents, The service was acceptable. Will update if anything changes.",Neutral
R3881,"Honestly, My order was so-so. Just my honest review.",Neutral
R3882,"Honestly, This purchase was frustrating. Just my honest review.",Negative
R3883,"This purchase was okay since everything worked smoothly, but the quality was poor.",Negative
R3884,This brand did the basic job. The quality was average. Overall that sums up my experience.,Neutral
R3885,"The device delivery was fast, but had issues since the setup was a nightmare.",Positive
R3886,"This purchase was okay since the packaging was excellent, but the quality was poor.",Negative
R3887,"Personally, The device stopped working fast. The packaging was damaged.",Negative
R3888,"To be fair, The support team performed really well. It looked exactly as described. Would consider buying again.",Positive
R3889,"The service had some good points like it was easy to use, but also some downsides like the price was not worth it. Mixed feelings overall.",Neutral
R3890,"Just my two cents, The product was superb because delivery was fast. Just my honest review.",Positive
R3891,"To be fair, My order made me very happy.",Positive
R3892,"The package was okay since delivery was fast, but the quality was poor.",Negative
R3893,"Overall, My order met basic expectations. Delivery was on time.",Positive
R3894,"Honestly, The material was a bad experience because the setup was a nightmare. Sharing this for other buyers.",Negative
R3895,"The package had some good points like the quality was great, but also some downsides like delivery took forever. Mixed feelings overall.",Neutral
R3896,"Overall, This brand exceeded my expectations because it was easy to use.",Positive
R3897,"The service had some good points like the staff were helpful, but also some downsides like support never responded. Mixed feelings overall.",Neutral
R3898,"Personally, This purchase was terrible. Just my honest review.",Negative
R3899,"Honestly, The app impressed me a lot because the price was fair. That is my honest take.",Positive
R3900,"All things considered, The website was superb because delivery was fast.",Positive
R3901,"So far, This brand did the basic job because the staff were polite enough. Sharing this for other buyers.",Neutral
R3902,"In my experience, This purchase was okay. Will update if anything changes.",Neutral
R3903,"Personally, The support team was excellent because the setup was simple.",Positive
R3904,"Honestly, The support team was excellent because the packaging was excellent. Would consider buying again.",Positive
R3905,"Honestly, The product was excellent because the setup was simple. That is my honest take.",Positive
R3906,"After using it a while, This brand was defective because the packaging was damaged. Would consider buying again.",Negative
R3907,"The support team had some good points like the quality was great, but also some downsides like it was hard to use. Mixed feelings overall.",Neutral
R3908,"My order it looked exactly as described, but had issues since the setup was a nightmare.",Positive
R3909,"So far, The quality was ordinary. The staff were polite enough. Will update if anything changes.",Neutral
R3910,"Honestly, The delivery made me very happy. Overall that sums up my experience.",Positive
R3911,"The support team was okay since support responded quickly, but it was hard to use.",Positive
R3912,"Honestly, This item was a bad experience. The quality was poor. Will update if anything changes.",Negative
R3913,"After using it a while, The device was a bad experience because the staff were rude.",Negative
R3914,"Honestly, The support team impressed me a lot. That is my honest take.",Positive
R3915,"My order support responded quickly, but had issues since delivery took forever.",Positive
R3916,"In my experience, The package was completely unsatisfactory. The quality was poor. Hope this review helps someone.",Negative
R3917,"The device had some good points like it looked exactly as described, but also some downsides like support never responded. Mixed feelings overall.",Neutral
R3918,"So far, This purchase was a great experience.",Positive
R3919,The material was defective. The packaging was damaged. Will update if anything changes.,Negative
R3920,"The service the packaging was excellent, but had issues since nothing worked smoothly.",Positive
R3921,"The support team it looked exactly as described, but had issues since it was hard to use.",Positive
R3922,"Honestly, Customer support was poor quality. The staff were rude.",Negative
R3923,"The delivery had some good points like the packaging was excellent, but also some downsides like it was hard to use. Mixed feelings overall.",Neutral
R3924,"The material was okay since delivery was fast, but the price was not worth it.",Negative
R3925,"After using it a while, The support team was poor quality. That is my honest take.",Negative
R3926,"The material had some good points like the staff were helpful, but also some downsides like the quality was poor. Mixed feelings overall.",Positive
R3927,"All things considered, This purchase was better than expected. That is my honest take.",Positive
R3928,"So far, The quality worked flawlessly. The quality was great. Overall that sums up my experience.",Positive
R3929,"After using it a while, The service was completely unsatisfactory. Sharing this for other buyers.",Negative
R3930,"Personally, My order was fine, nothing more because delivery was on time. Overall that sums up my experience.",Neutral
R3931,"All things considered, Customer support was neither good nor bad. Would consider buying again.",Neutral
R3932,"The product had some good points like the staff were helpful, but also some downsides like it was hard to use. Mixed feelings overall.",Neutral
R3933,"This purchase had some good points like the staff were helpful, but also some downsides like nothing worked smoothly. Mixed feelings overall.",Neutral
R3934,"Overall, The delivery arrived damaged. It was hard to use.",Negative
R3935,"After using it a while, This brand worked as expected, nothing special because the quality was average. Overall that sums up my experience.",Neutral
R3936,"So far, The package was a letdown. The setup was a nightmare. Will update if anything changes.",Negative
R3937,"Personally, The app made me very happy because delivery was fast. Hope this review helps someone.",Positive
R3938,"So far, The app did the basic job. Overall that sums up my experience.",Neutral
R3939,"Just my two cents, The quality did not work as expected. Nothing worked smoothly. Sharing this for other buyers.",Positive
R3940,"After using it a while, The app worked most of the time. The price was fair for what it is. Hope this review helps someone.",Neutral
R3941,"After using it a while, This item was a disappointment. It was hard to use.",Negative
R3942,"The service delivery was fast, but had issues since the staff were rude.",Positive
R3943,"So far, The delivery was excellent. Everything worked smoothly. Hope this review helps someone.",Positive
R3944,"After using it a while, The product was a disappointment.",Neutral
R3945,"All things considered, The website worked perfectly. Sharing this for other buyers.",Positive
R3946,"This item the setup was simple, but had issues since the price was not worth it.",Positive
R3947,"This purchase the price was fair, but had issues since it looked nothing like described.",Positive
R3948,"Overall, The package worked as expected, nothing special because delivery was on time. That is my honest take.",Neutral
R3949,"Honestly, The service fell apart quickly because the price was not worth it.",Negative
R3950,"This purchase had some good points like the price was fair, but also some downsides like nothing worked smoothly. Mixed feelings overall.",Neutral
R3951,"The service was okay since the quality was great, but the quality was poor.",Negative
R3952,"Overall, My order was faulty.",Negative
R3953,"The support team was okay since delivery was fast, but it was hard to use.",Negative
R3954,"The service support responded quickly, but had issues since it was hard to use.",Negative
R3955,"Personally, The product worked flawlessly because the setup was simple. Sharing this for other buyers.",Positive
R3956,"The device had some good points like the staff were helpful, but also some downsides like it looked nothing like described. Mixed feelings overall.",Neutral
R3957,"Just my two cents, My order was terrible. Will update if anything changes.",Negative
R3958,"The app was okay since the setup was simple, but the setup was a nightmare.",Negative
R3959,"My order was okay since the staff were helpful, but support never responded.",Negative
R3960,"After using it a while, The package stopped working fast.",Negative
R3961,"My order was okay since everything worked smoothly, but support never responded.",Negative
R3962,"After using it a while, Customer support never worked properly.",Negative
R3963,"In my experience, The delivery was decent enough because support responded eventually. Overall that sums up my experience.",Neutral
R3964,"The support team everything worked smoothly, but had issues since support never responded.",Positive
R3965,"So far, The app was a great experience. The setup was simple. Hope this review helps someone.",Positive
R3966,"The support team had some good points like everything worked smoothly, but also some downsides like the price was not worth it. Mixed feelings overall.",Neutral
R3967,This item was a pleasant surprise. That is my honest take.,Positive
R3968,"Overall, This brand was decent enough. Delivery was on time.",Neutral
R3969,"So far, The device arrived damaged. The setup was a nightmare. Overall that sums up my experience.",Negative
R3970,"This brand was okay since delivery was fast, but support never responded.",Negative
R3971,"Customer support was okay since delivery was fast, but the staff were rude.",Negative
R3972,"In my experience, The material exceeded my expectations because delivery was fast. Will update if anything changes.",Positive
R3973,"Just my two cents, My order was outstanding. The packaging was excellent. Sharing this for other buyers.",Positive
R3974,"All things considered, The app was reasonable. Support responded eventually. Overall that sums up my experience.",Neutral
R3975,"In my experience, Customer support was a great experience.",Positive
R3976,"Customer support everything worked smoothly, but had issues since the staff were rude.",Positive
R3977,"So far, Customer support was a letdown. The staff were rude. Overall that sums up my experience.",Negative
R3978,"The quality was okay since the packaging was excellent, but the quality was poor.",Negative
R3979,"The delivery had some good points like everything worked smoothly, but also some downsides like delivery took forever. Mixed feelings overall.",Neutral
R3980,"Overall, The app worked as expected, nothing special. It mostly matched the description. Will update if anything changes.",Neutral
R3981,"To be fair, The material was a disappointment because the setup was a nightmare. Just my honest review.",Negative
R3982,"The support team had some good points like the price was fair, but also some downsides like the packaging was damaged. Mixed feelings overall.",Neutral
R3983,"This brand support responded quickly, but had issues since support never responded.",Positive
R3984,"The package had some good points like the quality was great, but also some downsides like nothing worked smoothly. Mixed feelings overall.",Neutral
R3985,"Overall, The delivery was a pleasant surprise. Sharing this for other buyers.",Positive
R3986,"The website was okay since the setup was simple, but the packaging was damaged.",Negative
R3987,This brand was about average. The packaging was fine.,Neutral
R3988,"The product it was easy to use, but had issues since the quality was poor.",Positive
R3989,"The app was okay since everything worked smoothly, but it was hard to use.",Negative
R3990,"So far, The app was poor quality.",Negative
R3991,"The support team was okay since the staff were helpful, but the quality was poor.",Negative
R3992,"Honestly, The product made me very happy. Will update if anything changes.",Positive
R3993,"Honestly, The product performed really well. Everything worked smoothly.",Positive
R3994,"After using it a while, The app was top notch. The packaging was excellent.",Positive
R3995,"The service was okay since it was easy to use, but the packaging was damaged.",Negative
R3996,"In my experience, The website was fine, nothing more.",Neutral
R3997,"To be fair, This brand was acceptable. Some things worked, some did not. Overall that sums up my experience.",Neutral
R3998,"To be fair, The quality was outstanding. Delivery was fast.",Positive
R3999,"The delivery had some good points like the price was fair, but also some downsides like the setup was a nightmare. Mixed feelings overall.",Neutral
R4000,"Personally, This purchase was ordinary. Delivery was on time. Will update if anything changes.",Neutral
R4001,"Overall, The device was poor quality because the price was not worth it.",Negative
R4002,"The product had some good points like support responded quickly, but also some downsides like support never responded. Mixed feelings overall.",Neutral
R4003,Customer support did not work as expected. Sharing this for other buyers.,Negative
R4004,"The product had some good points like support responded quickly, but also some downsides like the staff were rude. Mixed feelings overall.",Neutral
R4005,"My order was okay since delivery was fast, but it was hard to use.",Negative
R4006,"The website it looked exactly as described, but had issues since the price was not worth it.",Positive
R4007,The support team was neither good nor bad.,Neutral
R4008,"Honestly, Customer support met basic expectations because delivery was on time. Sharing this for other buyers.",Neutral
R4009,"After using it a while, The delivery was excellent. Support responded quickly. Sharing this for other buyers.",Positive
R4010,The quality exceeded my expectations because the setup was simple.,Positive
R4011,"To be fair, The quality was excellent. Just my honest review.",Positive
R4012,"My order had some good points like it looked exactly as described, but also some downsides like the staff were rude. Mixed feelings overall.",Neutral
R4013,"The website the setup was simple, but had issues since it looked nothing like described.",Positive
R4014,"Personally, The service was faulty. The setup was a nightmare. Hope this review helps someone.",Negative
R4015,"Honestly, The delivery did not work as expected.",Negative
R4016,"Personally, The website exceeded my expectations. Overall that sums up my experience.",Positive
R4017,"After using it a while, The product was better than expected because the staff were helpful. Just my honest review.",Positive
R4018,This brand made me very happy. Everything worked smoothly. That is my honest take.,Positive
R4019,"The package was okay since the staff were helpful, but delivery took forever.",Negative
R4020,"Just my two cents, The material was defective because nothing worked smoothly. Overall that sums up my experience.",Negative
R4021,"The product was okay since the quality was great, but support never responded.",Negative
R4022,"Just my two cents, The website impressed me a lot. The packaging was excellent. Hope this review helps someone.",Positive
R4023,"The package was okay since it was easy to use, but the price was not worth it.",Negative
R4024,"The device everything worked smoothly, but had issues since the staff were rude.",Positive
R4025,"This purchase everything worked smoothly, but had issues since support never responded.",Positive
R4026,"Honestly, The product was a letdown.",Negative
R4027,"Just my two cents, The device exceeded my expectations. Everything worked smoothly. Overall that sums up my experience.",Positive
R4028,"All things considered, The quality was a disappointment. Would consider buying again.",Negative
R4029,"So far, Customer support was outstanding. Hope this review helps someone.",Positive
R4030,"All things considered, The quality was reasonable because the staff were polite enough. Will update if anything changes.",Neutral
R4031,"The app was okay since the quality was great, but delivery took forever.",Negative
R4032,"The delivery was okay since the quality was great, but the staff were rude.",Negative
R4033,My order was better than expected.,Positive
R4034,"The website had some good points like support responded quickly, but also some downsides like delivery took forever. Mixed feelings overall.",Neutral
R4035,"The material was okay since support responded quickly, but it was hard to use.",Negative
R4036,"Overall, The material was standard because the setup took a normal amount of time. Will update if anything changes.",Neutral
R4037,"Overall, My order arrived damaged. Support never responded. That is my honest take.",Negative
R4038,"After using it a while, The service stopped working fast because support never responded. Hope this review helps someone.",Negative
R4039,"The delivery the staff were helpful, but had issues since the quality was poor.",Positive
R4040,"All things considered, The service was ordinary because the staff were polite enough. Sharing this for other buyers.",Neutral
R4041,"This item had some good points like the price was fair, but also some downsides like it looked nothing like described. Mixed feelings overall.",Neutral
R4042,"This brand the quality was great, but had issues since the staff were rude.",Positive
R4043,"So far, This item worked most of the time because the setup took a normal amount of time. Just my honest review.",Positive
R4044,"The website was okay since it was easy to use, but it looked nothing like described.",Negative
R4045,"Customer support had some good points like the quality was great, but also some downsides like nothing worked smoothly. Mixed feelings overall.",Neutral
R4046,"To be fair, The device fell apart quickly because it looked nothing like described.",Negative
R4047,"All things considered, The product was exactly what I needed because the price was fair. Overall that sums up my experience.",Positive
R4048,"So far, The package was fantastic. Would consider buying again.",Positive
R4049,"This item it looked exactly as described, but had issues since the staff were rude.",Positive
R4050,"To be fair, The quality stopped working fast. Would consider buying again.",Negative
R4051,"So far, The support team worked as expected, nothing special because some things worked, some did not.",Neutral
R4052,"Overall, The support team was faulty. Will update if anything changes.",Negative
R4053,"Honestly, The quality was a bad experience. The price was not worth it.",Neutral
R4054,"Customer support was okay since the quality was great, but the setup was a nightmare.",Negative
R4055,"Overall, The device was terrible. It looked nothing like described. Hope this review helps someone.",Negative
R4056,"The device had some good points like it was easy to use, but also some downsides like support never responded. Mixed feelings overall.",Neutral
R4057,"After using it a while, Customer support impressed me a lot. The quality was great.",Positive
R4058,"The product had some good points like the quality was great, but also some downsides like the quality was poor. Mixed feelings overall.",Neutral
R4059,"The service had some good points like everything worked smoothly, but also some downsides like the staff were rude. Mixed feelings overall.",Neutral
R4060,"Overall, Customer support was ordinary because support responded eventually. Would consider buying again.",Neutral
R4061,"This purchase everything worked smoothly, but had issues since the setup was a nightmare.",Positive
R4062,The website was a bad experience because the staff were rude. Just my honest review.,Negative
R4063,Customer support was a great experience. The price was fair.,Positive
R4064,"In my experience, This brand was excellent. The price was fair.",Positive
R4065,"Just my two cents, The device was a bad experience. The staff were rude. Just my honest review.",Negative
R4066,"Honestly, This item never worked properly. Just my honest review.",Negative
R4067,"Personally, The delivery was fantastic. Everything worked smoothly. Overall that sums up my experience.",Positive
R4068,"Customer support the packaging was excellent, but had issues since the staff were rude.",Positive
R4069,"Overall, The quality was a great experience. Just my honest review.",Positive
R4070,"Just my two cents, This item arrived damaged.",Negative
R4071,"My order had some good points like the quality was great, but also some downsides like the staff were rude. Mixed feelings overall.",Neutral
R4072,"After using it a while, This brand was frustrating because the price was not worth it. Overall that sums up my experience.",Negative
R4073,"After using it a while, The product impressed me a lot.",Positive
R4074,"In my experience, The app was exactly what I needed. The setup was simple. Sharing this for other buyers.",Positive
R4075,"The product had some good points like support responded quickly, but also some downsides like the packaging was damaged. Mixed feelings overall.",Neutral
R4076,"This brand support responded quickly, but had issues since the quality was poor.",Positive
R4077,"The delivery was okay since support responded quickly, but the staff were rude.",Negative
R4078,"So far, The product was defective. Just my honest review.",Negative
R4079,"Personally, The material was a disappointment because delivery took forever. Would consider buying again.",Negative
R4080,"The product the price was fair, but had issues since the setup was a nightmare.",Positive
R4081,"So far, This purchase fell apart quickly. That is my honest take.",Negative
R4082,"Overall, The quality was reasonable.",Neutral
R4083,"Honestly, Customer support was a bad experience. Support never responded. Would consider buying again.",Negative
R4084,"The quality was okay since it was easy to use, but the setup was a nightmare.",Negative
R4085,"The delivery had some good points like delivery was fast, but also some downsides like the setup was a nightmare. Mixed feelings overall.",Neutral
R4086,"To be fair, The quality was a great experience because the price was fair.",Negative
R4087,"To be fair, The support team was better than expected because everything worked smoothly. That is my honest take.",Positive
R4088,"Just my two cents, The package was fine, nothing more because support responded eventually. Sharing this for other buyers.",Neutral
R4089,"In my experience, The support team was frustrating because the staff were rude. Hope this review helps someone.",Negative
R4090,"This brand was okay since support responded quickly, but the setup was a nightmare.",Negative
R4091,"Personally, The quality exceeded my expectations. The setup was simple. That is my honest take.",Positive
R4092,"So far, My order was fine, nothing more. That is my honest take.",Neutral
R4093,"Customer support the price was fair, but had issues since support never responded.",Positive
R4094,"The device was okay since the packaging was excellent, but the staff were rude.",Negative
R4095,The app was standard. Will update if anything changes.,Neutral
R4096,"The product had some good points like everything worked smoothly, but also some downsides like nothing worked smoothly. Mixed feelings overall.",Neutral
R4097,"In my experience, The package stopped working fast. The quality was poor. Would consider buying again.",Negative
R4098,"The service was okay since delivery was fast, but the setup was a nightmare.",Negative
R4099,"To be fair, This item was neither good nor bad because some things worked, some did not.",Neutral
R4100,"All things considered, The app was a pleasant surprise. Would consider buying again.",Positive
R4101,"The app had some good points like the packaging was excellent, but also some downsides like support never responded. Mixed feelings overall.",Neutral
R4102,Customer support never worked properly because support never responded. Sharing this for other buyers.,Negative
R4103,The service was acceptable. Support responded eventually. That is my honest take.,Neutral
R4104,"The material it looked exactly as described, but had issues since the price was not worth it.",Positive
R4105,"This brand was okay since the packaging was excellent, but the staff were rude.",Negative
R4106,"All things considered, The service was outstanding. Would consider buying again.",Positive
R4107,"Just my two cents, The website was defective. Delivery took forever. Hope this review helps someone.",Negative
R4108,"After using it a while, The service stopped working fast. It was hard to use. Just my honest review.",Neutral
R4109,"The delivery had some good points like the staff were helpful, but also some downsides like it was hard to use. Mixed feelings overall.",Neutral
R4110,"The support team had some good points like the staff were helpful, but also some downsides like the staff were rude. Mixed feelings overall.",Neutral
R4111,"In my experience, The material was outstanding. Sharing this for other buyers.",Positive
R4112,"The website had some good points like it looked exactly as described, but also some downsides like the staff were rude. Mixed feelings overall.",Neutral
R4113,"Honestly, Customer support was top notch. The price was fair. Hope this review helps someone.",Positive
R4114,"Overall, The website was top notch because the setup was simple. Hope this review helps someone.",Positive
R4115,The material was decent enough because the staff were polite enough. Would consider buying again.,Neutral
R4116,"All things considered, This purchase stopped working fast. That is my honest take.",Negative
R4117,"The quality it looked exactly as described, but had issues since it was hard to use.",Positive
R4118,"So far, This purchase exceeded my expectations. The packaging was excellent.",Positive
R4119,"The package the packaging was excellent, but had issues since the price was not worth it.",Positive
R4120,"The website had some good points like the staff were helpful, but also some downsides like delivery took forever. Mixed feelings overall.",Neutral
R4121,"Just my two cents, The website was defective.",Negative
R4122,"The device support responded quickly, but had issues since delivery took forever.",Positive
R4123,"The product was okay since the price was fair, but delivery took forever.",Negative
R4124,"The product the packaging was excellent, but had issues since the setup was a nightmare.",Positive
R4125,"Honestly, The support team was neither good nor bad because some things worked, some did not. Hope this review helps someone.",Neutral
R4126,"In my experience, The service did not work as expected. Overall that sums up my experience.",Negative
R4127,This item was a great experience because everything worked smoothly. That is my honest take.,Positive
R4128,"Personally, This item was better than expected. Sharing this for other buyers.",Positive
R4129,"The support team the price was fair, but had issues since the staff were rude.",Positive
R4130,"All things considered, My order did not work as expected.",Negative
R4131,"The material was okay since the setup was simple, but support never responded.",Negative
R4132,"Honestly, The delivery was neither good nor bad.",Neutral
R4133,"In my experience, The delivery was about average. The quality was average. That is my honest take.",Neutral
R4134,"The service the staff were helpful, but had issues since support never responded.",Positive
R4135,The device was completely unsatisfactory. Support never responded. Overall that sums up my experience.,Negative
R4136,"Honestly, Customer support was neither good nor bad. Just my honest review.",Neutral
R4137,"All things considered, The material was better than expected. That is my honest take.",Positive
R4138,"After using it a while, The service was a letdown. The price was not worth it.",Negative
R4139,"So far, The website worked as expected, nothing special. The price was fair for what it is. Hope this review helps someone.",Neutral
R4140,"So far, The website exceeded my expectations because the setup was simple.",Positive
R4141,"All things considered, The delivery was a bad experience.",Neutral
R4142,"So far, The product was outstanding. Just my honest review.",Positive
R4143,"The support team was okay since the setup was simple, but the packaging was damaged.",Negative
R4144,"All things considered, Customer support was top notch because it was easy to use. Just my honest review.",Positive
R4145,"So far, The support team never worked properly because the staff were rude.",Negative
R4146,"This brand had some good points like delivery was fast, but also some downsides like it looked nothing like described. Mixed feelings overall.",Neutral
R4147,"So far, The package met basic expectations. Overall that sums up my experience.",Neutral
R4148,"This item the quality was great, but had issues since the price was not worth it.",Positive
R4149,"The product had some good points like the setup was simple, but also some downsides like delivery took forever. Mixed feelings overall.",Neutral
R4150,"Overall, The support team was defective.",Negative
R4151,"The delivery was okay since the packaging was excellent, but support never responded.",Negative
R4152,"Honestly, The product was standard because the price was fair for what it is.",Neutral
R4153,"Overall, Customer support fell apart quickly. Would consider buying again.",Negative
R4154,"My order was okay since it was easy to use, but the setup was a nightmare.",Negative
R4155,"The app was okay since the setup was simple, but the packaging was damaged.",Negative
R4156,"So far, This purchase was terrible because it looked nothing like described.",Negative
R4157,"The material the staff were helpful, but had issues since delivery took forever.",Positive
R4158,"The app had some good points like the quality was great, but also some downsides like it looked nothing like described. Mixed feelings overall.",Neutral
R4159,"All things considered, The package was excellent. Will update if anything changes.",Positive
R4160,"The delivery was okay since it was easy to use, but delivery took forever.",Negative
R4161,"To be fair, My order was okay. Delivery was on time. Will update if anything changes.",Neutral
R4162,"Just my two cents, Customer support impressed me a lot. Hope this review helps someone.",Positive
R4163,My order was standard.,Neutral
R4164,"Customer support had some good points like everything worked smoothly, but also some downsides like the staff were rude. Mixed feelings overall.",Neutral
R4165,"Overall, The material was better than expected.",Positive
R4166,"My order was okay since it looked exactly as described, but nothing worked smoothly.",Negative
R4167,"So far, The app worked perfectly. The packaging was excellent. Will update if anything changes.",Positive
R4168,"So far, This purchase was a letdown because it was hard to use.",Negative
R4169,"In my experience, Customer support did the basic job because support responded eventually. Just my honest review.",Neutral
R4170,"All things considered, Customer support was fine, nothing more. The staff were polite enough. Would consider buying again.",Neutral
R4171,"In my experience, This brand was a waste of money. Sharing this for other buyers.",Negative
R4172,"Honestly, The delivery made me very happy because support responded quickly. Overall that sums up my experience.",Negative
R4173,"To be fair, This brand did the basic job. Support responded eventually. Overall that sums up my experience.",Neutral
R4174,"Overall, The website performed really well because it was easy to use.",Neutral
R4175,"Just my two cents, The support team was a pleasant surprise. It looked exactly as described. Will update if anything changes.",Positive
R4176,"After using it a while, The service made me very happy. Hope this review helps someone.",Negative
R4177,"To be fair, The product was a bad experience because delivery took forever. That is my honest take.",Negative
R4178,"All things considered, The support team impressed me a lot. Support responded quickly.",Positive
R4179,"This purchase had some good points like the price was fair, but also some downsides like it was hard to use. Mixed feelings overall.",Neutral
R4180,"The delivery the staff were helpful, but had issues since delivery took forever.",Positive
R4181,"Overall, Customer support was so-so. Delivery was on time.",Neutral
R4182,"Customer support had some good points like delivery was fast, but also some downsides like support never responded. Mixed feelings overall.",Neutral
R4183,"So far, Customer support performed really well. Sharing this for other buyers.",Positive
R4184,"So far, The product was a bad experience. The staff were rude.",Negative
R4185,The device stopped working fast. The setup was a nightmare. Just my honest review.,Negative
R4186,"The material was okay since support responded quickly, but delivery took forever.",Negative
R4187,"Personally, The support team met basic expectations.",Neutral
R4188,"To be fair, This purchase was outstanding.",Positive
R4189,"So far, The service performed really well. Overall that sums up my experience.",Positive
R4190,"Personally, Customer support worked perfectly. Delivery was fast. Just my honest review.",Positive
R4191,"Just my two cents, Customer support was a great experience. Hope this review helps someone.",Positive
R4192,"Personally, The package worked flawlessly. Would consider buying again.",Positive
R4193,"All things considered, The delivery performed really well. Overall that sums up my experience.",Positive
R4194,"The app had some good points like support responded quickly, but also some downsides like it was hard to use. Mixed feelings overall.",Neutral
R4195,"To be fair, The website was exactly what I needed. It looked exactly as described.",Positive
R4196,"The delivery was okay since delivery was fast, but the setup was a nightmare.",Negative
R4197,"My order was okay since the staff were helpful, but it was hard to use.",Negative
R4198,"Overall, The service was neither good nor bad because it mostly matched the description. Sharing this for other buyers.",Neutral
R4199,"The material had some good points like the staff were helpful, but also some downsides like it looked nothing like described. Mixed feelings overall.",Neutral
R4200,"Just my two cents, The material worked flawlessly because the quality was great. That is my honest take.",Positive
R4201,"The quality was okay since the staff were helpful, but nothing worked smoothly.",Negative
R4202,"Just my two cents, The app was standard because some things worked, some did not. Will update if anything changes.",Neutral
R4203,"Overall, The material was superb. Will update if anything changes.",Positive
R4204,"Overall, The service was standard. Would consider buying again.",Neutral
R4205,This purchase was standard because it was somewhat easy to use. Hope this review helps someone.,Neutral
R4206,"So far, The package was decent enough. Overall that sums up my experience.",Neutral
R4207,"So far, The service stopped working fast. The packaging was damaged.",Negative
R4208,"So far, The device was acceptable. Overall that sums up my experience.",Neutral
R4209,"To be fair, This item was standard. The price was fair for what it is.",Neutral
R4210,"So far, My order was excellent. Everything worked smoothly.",Positive
R4211,"This purchase was okay since support responded quickly, but it looked nothing like described.",Negative
R4212,The support team exceeded my expectations. Hope this review helps someone.,Positive
R4213,"The support team had some good points like delivery was fast, but also some downsides like it was hard to use. Mixed feelings overall.",Neutral
R4214,"So far, Customer support was so-so. The quality was average. Will update if anything changes.",Neutral
R4215,"Just my two cents, Customer support was a great experience because the packaging was excellent. Hope this review helps someone.",Positive
R4216,"The material the packaging was excellent, but had issues since the price was not worth it.",Positive
R4217,"The delivery the setup was simple, but had issues since the quality was poor.",Positive
R4218,"Overall, The quality impressed me a lot. That is my honest take.",Positive
R4219,"Just my two cents, The product was about average.",Neutral
R4220,"So far, Customer support exceeded my expectations because the price was fair. Hope this review helps someone.",Positive
R4221,"Personally, The website was a waste of money. The setup was a nightmare. Sharing this for other buyers.",Negative
R4222,"The delivery was okay since support responded quickly, but support never responded.",Negative
R4223,"Just my two cents, The website was exactly what I needed because the setup was simple. Overall that sums up my experience.",Positive
R4224,"To be fair, The device was excellent because the quality was great. Hope this review helps someone.",Positive
R4225,The support team was superb. It looked exactly as described. Overall that sums up my experience.,Positive
R4226,"Honestly, The service was poor quality. Just my honest review.",Negative
R4227,"Honestly, This item was neither good nor bad. The setup took a normal amount of time.",Neutral
R4228,"Just my two cents, The product was a disappointment. Nothing worked smoothly. Will update if anything changes.",Negative
R4229,"The package was okay since the staff were helpful, but support never responded.",Negative
R4230,The support team was top notch. The price was fair.,Positive
R4231,"Personally, This purchase was outstanding.",Positive
R4232,"The quality was okay since the quality was great, but the quality was poor.",Negative
R4233,"So far, The delivery arrived damaged because the quality was poor.",Negative
R4234,"To be fair, The website was exactly what I needed because support responded quickly.",Positive
R4235,"This brand it was easy to use, but had issues since it was hard to use.",Positive
R4236,"The delivery was okay since the packaging was excellent, but delivery took forever.",Negative
R4237,"Just my two cents, The quality was fantastic. The packaging was excellent. Hope this review helps someone.",Positive
R4238,"Honestly, The product was a disappointment because delivery took forever.",Negative
R4239,"To be fair, The website stopped working fast. Delivery took forever. Hope this review helps someone.",Negative
R4240,"All things considered, This purchase was decent enough because the packaging was fine.",Neutral
R4241,"In my experience, The material worked as expected, nothing special. Sharing this for other buyers.",Neutral
R4242,"Customer support was okay since delivery was fast, but the setup was a nightmare.",Negative
R4243,"The product was okay since the staff were helpful, but the quality was poor.",Negative
R4244,"So far, The support team exceeded my expectations.",Positive
R4245,"After using it a while, The app did not work as expected. Overall that sums up my experience.",Negative
R4246,"This purchase it was easy to use, but had issues since it looked nothing like described.",Positive
R4247,"This purchase had some good points like everything worked smoothly, but also some downsides like delivery took forever. Mixed feelings overall.",Neutral
R4248,"Just my two cents, The device was poor quality because the quality was poor. Will update if anything changes.",Negative
R4249,"The website it was easy to use, but had issues since the price was not worth it.",Positive
R4250,"In my experience, Customer support was terrible. Just my honest review.",Negative
R4251,"The support team had some good points like the price was fair, but also some downsides like it was hard to use. Mixed feelings overall.",Neutral
R4252,"All things considered, The delivery met basic expectations. Would consider buying again.",Neutral
R4253,"To be fair, The quality made me very happy.",Positive
R4254,"The website delivery was fast, but had issues since delivery took forever.",Positive
R4255,"Honestly, The service was a letdown. It looked nothing like described.",Negative
R4256,"Honestly, This brand was so-so. Will update if anything changes.",Neutral
R4257,"The quality it looked exactly as described, but had issues since the price was not worth it.",Positive
R4258,"The quality was okay since the price was fair, but the price was not worth it.",Negative
R4259,"After using it a while, The device was terrible because it was hard to use. Just my honest review.",Negative
R4260,"Honestly, The material worked as expected, nothing special. Support responded eventually.",Neutral
R4261,"Honestly, The product performed really well.",Positive
R4262,"To be fair, The website met basic expectations. The quality was average. Sharing this for other buyers.",Neutral
R4263,This item worked perfectly. Sharing this for other buyers.,Positive
R4264,"So far, The device was a pleasant surprise. The packaging was excellent. That is my honest take.",Positive
R4265,"To be fair, This item did the basic job because the price was fair for what it is. Overall that sums up my experience.",Neutral
R4266,"After using it a while, My order worked flawlessly. The setup was simple. Sharing this for other buyers.",Positive
R4267,"To be fair, This item was okay because it was somewhat easy to use. Just my honest review.",Neutral
R4268,"In my experience, The service was fine, nothing more.",Neutral
R4269,"All things considered, This purchase never worked properly.",Negative
R4270,This brand was top notch because delivery was fast. Sharing this for other buyers.,Positive
R4271,"Honestly, The website met basic expectations because the packaging was fine. Just my honest review.",Neutral
R4272,"So far, The product fell apart quickly because nothing worked smoothly. Just my honest review.",Negative
R4273,"The support team had some good points like delivery was fast, but also some downsides like the staff were rude. Mixed feelings overall.",Neutral
R4274,This brand was so-so because the packaging was fine. Overall that sums up my experience.,Neutral
R4275,"The material had some good points like the staff were helpful, but also some downsides like support never responded. Mixed feelings overall.",Neutral
R4276,"To be fair, The device worked flawlessly. Just my honest review.",Positive
R4277,"Honestly, The quality exceeded my expectations. Will update if anything changes.",Positive
R4278,"Personally, The product was acceptable.",Neutral
R4279,"The material had some good points like support responded quickly, but also some downsides like the setup was a nightmare. Mixed feelings overall.",Neutral
R4280,"To be fair, Customer support was fine, nothing more.",Neutral
R4281,"Just my two cents, The delivery was fine, nothing more because some things worked, some did not.",Neutral
R4282,"After using it a while, This brand arrived damaged because the setup was a nightmare. Will update if anything changes.",Negative
R4283,"All things considered, Customer support was outstanding because support responded quickly.",Positive
R4284,"After using it a while, The product was a bad experience. It was hard to use.",Negative
R4285,"This purchase had some good points like support responded quickly, but also some downsides like delivery took forever. Mixed feelings overall.",Neutral
R4286,"Personally, This item worked flawlessly. Support responded quickly. Sharing this for other buyers.",Positive
R4287,"Honestly, The device was decent enough. The setup took a normal amount of time. Overall that sums up my experience.",Neutral
R4288,"In my experience, Customer support was decent enough. That is my honest take.",Neutral
R4289,"This item had some good points like it was easy to use, but also some downsides like it looked nothing like described. Mixed feelings overall.",Neutral
R4290,"Honestly, This item arrived damaged because it was hard to use. That is my honest take.",Negative
R4291,"The app was okay since it was easy to use, but it was hard to use.",Negative
R4292,"Overall, The support team was so-so. Support responded eventually. Hope this review helps someone.",Neutral
R4293,"Just my two cents, The device was superb. The staff were helpful. Will update if anything changes.",Positive
R4294,"Honestly, The product was reasonable. Delivery was on time.",Neutral
R4295,"Personally, The package fell apart quickly.",Negative
R4296,"This purchase was okay since the staff were helpful, but it looked nothing like described.",Negative
R4297,"The quality was okay since it looked exactly as described, but it looked nothing like described.",Negative
R4298,"This item was okay since support responded quickly, but the price was not worth it.",Negative
R4299,"The material was okay since it was easy to use, but nothing worked smoothly.",Negative
R4300,"Overall, The device was faulty. Will update if anything changes.",Negative
R4301,The product was frustrating because it was hard to use. Just my honest review.,Negative
R4302,The delivery was standard. The packaging was fine.,Neutral
R4303,"Just my two cents, The app was top notch. Everything worked smoothly. Sharing this for other buyers.",Positive
R4304,"Just my two cents, This item was reasonable because delivery was on time. Hope this review helps someone.",Neutral
R4305,"Just my two cents, This item was defective. Overall that sums up my experience.",Negative
R4306,"Honestly, The support team fell apart quickly. The setup was a nightmare. Overall that sums up my experience.",Negative
R4307,"In my experience, The support team was frustrating. The staff were rude. That is my honest take.",Negative
R4308,"So far, The delivery was defective. The price was not worth it. That is my honest take.",Negative
R4309,"So far, My order was a bad experience. Hope this review helps someone.",Negative
R4310,"In my experience, My order was decent enough.",Neutral
R4311,"The website the price was fair, but had issues since the staff were rude.",Positive
R4312,"This item was okay since everything worked smoothly, but the price was not worth it.",Negative
R4313,"The website was okay since it looked exactly as described, but the packaging was damaged.",Negative
R4314,"So far, The delivery was ordinary. Overall that sums up my experience.",Neutral
R4315,"To be fair, This item worked as expected, nothing special. The packaging was fine. Just my honest review.",Neutral
R4316,"Just my two cents, The app was excellent. It looked exactly as described. Sharing this for other buyers.",Positive
R4317,My order arrived damaged.,Negative
R4318,"Personally, The app was a letdown. It looked nothing like described.",Negative
R4319,"The device had some good points like the price was fair, but also some downsides like the setup was a nightmare. Mixed feelings overall.",Neutral
R4320,The material impressed me a lot because the setup was simple. Just my honest review.,Positive
R4321,This purchase was a pleasant surprise because delivery was fast. Sharing this for other buyers.,Positive
R4322,"After using it a while, Customer support was defective because delivery took forever.",Negative
R4323,"To be fair, This item was top notch. The staff were helpful. Just my honest review.",Positive
R4324,"So far, The service was ordinary. The quality was average. Just my honest review.",Neutral
R4325,"In my experience, The product was fantastic because it was easy to use. Hope this review helps someone.",Positive
R4326,My order was a waste of money because delivery took forever. Sharing this for other buyers.,Negative
R4327,"All things considered, This purchase performed really well because it looked exactly as described. Overall that sums up my experience.",Positive
R4328,"All things considered, The app worked most of the time. The staff were polite enough. Overall that sums up my experience.",Neutral
R4329,"The app had some good points like everything worked smoothly, but also some downsides like the setup was a nightmare. Mixed feelings overall.",Neutral
R4330,"Honestly, Customer support was defective because support never responded.",Negative
R4331,"This purchase the setup was simple, but had issues since support never responded.",Positive
R4332,"The package the quality was great, but had issues since the price was not worth it.",Positive
R4333,"The device had some good points like the quality was great, but also some downsides like delivery took forever. Mixed feelings overall.",Neutral
R4334,"The device the quality was great, but had issues since the staff were rude.",Positive
R4335,"So far, The delivery was exactly what I needed because support responded quickly. Hope this review helps someone.",Positive
R4336,"Personally, This brand was excellent because it was easy to use. That is my honest take.",Positive
R4337,"In my experience, Customer support was a letdown. The quality was poor.",Neutral
R4338,"The app everything worked smoothly, but had issues since it was hard to use.",Positive
R4339,"The support team had some good points like it looked exactly as described, but also some downsides like it was hard to use. Mixed feelings overall.",Neutral
R4340,"After using it a while, The material was fantastic. Hope this review helps someone.",Positive
R4341,"Customer support the packaging was excellent, but had issues since it looked nothing like described.",Positive
R4342,"Honestly, The package was reasonable because it was somewhat easy to use. Overall that sums up my experience.",Positive
R4343,Customer support was acceptable because the price was fair for what it is. Would consider buying again.,Neutral
R4344,"After using it a while, The device made me very happy. Support responded quickly. Would consider buying again.",Positive
R4345,"In my experience, The product made me very happy because support responded quickly.",Positive
R4346,"My order support responded quickly, but had issues since the setup was a nightmare.",Positive
R4347,"Personally, Customer support was poor quality. Will update if anything changes.",Negative
R4348,"After using it a while, The material was a great experience because it was easy to use.",Positive
R4349,"So far, Customer support was ordinary. Delivery was on time. Would consider buying again.",Neutral
R4350,"After using it a while, The support team never worked properly because the quality was poor. Just my honest review.",Negative
R4351,"All things considered, This brand was defective. Just my honest review.",Negative
R4352,"My order was okay since the price was fair, but the packaging was damaged.",Negative
R4353,"After using it a while, The material was so-so because the setup took a normal amount of time. That is my honest take.",Neutral
R4354,"Honestly, The website met basic expectations because support responded eventually. Sharing this for other buyers.",Neutral
R4355,"Overall, This item was decent enough because the staff were polite enough. Overall that sums up my experience.",Neutral
R4356,"Just my two cents, The website was a letdown. It was hard to use. Just my honest review.",Negative
R4357,"Personally, The package was fantastic because the quality was great. Overall that sums up my experience.",Positive
R4358,"My order was okay since the quality was great, but it looked nothing like described.",Negative
R4359,"After using it a while, The material was fantastic because the setup was simple. Just my honest review.",Positive
R4360,"After using it a while, This purchase was acceptable because support responded eventually. Will update if anything changes.",Neutral
R4361,"So far, The material was fantastic. Delivery was fast.",Positive
R4362,"So far, The delivery performed really well because the setup was simple.",Positive
R4363,"So far, This item was fine, nothing more because the packaging was fine. Overall that sums up my experience.",Neutral
R4364,"So far, The website was terrible.",Negative
R4365,"Personally, This purchase was neither good nor bad because the setup took a normal amount of time. Sharing this for other buyers.",Neutral
R4366,"The material was okay since the quality was great, but the setup was a nightmare.",Negative
R4367,"After using it a while, The service was excellent. Hope this review helps someone.",Positive
R4368,"Honestly, The quality impressed me a lot because it looked exactly as described. That is my honest take.",Positive
R4369,The material was a bad experience. It looked nothing like described. Overall that sums up my experience.,Negative
R4370,"So far, The device was defective because the packaging was damaged. Sharing this for other buyers.",Negative
R4371,"Overall, This brand was a letdown. It was hard to use.",Negative
R4372,"To be fair, The support team made me very happy. It looked exactly as described. Will update if anything changes.",Positive
R4373,"In my experience, The service exceeded my expectations. The price was fair.",Positive
R4374,"Just my two cents, The service was excellent. It looked exactly as described. Will update if anything changes.",Positive
R4375,"My order had some good points like the setup was simple, but also some downsides like it looked nothing like described. Mixed feelings overall.",Neutral
R4376,"Overall, The quality made me very happy. Just my honest review.",Positive
R4377,"Just my two cents, This purchase impressed me a lot because the price was fair. That is my honest take.",Positive
R4378,"The website had some good points like it looked exactly as described, but also some downsides like the price was not worth it. Mixed feelings overall.",Neutral
R4379,"After using it a while, The support team made me very happy because everything worked smoothly.",Positive
R4380,"All things considered, Customer support was better than expected. The packaging was excellent.",Positive
R4381,"Just my two cents, The device was a pleasant surprise. It looked exactly as described. Overall that sums up my experience.",Positive
R4382,"All things considered, The service was completely unsatisfactory.",Negative
R4383,"All things considered, The service arrived damaged because the setup was a nightmare.",Negative
R4384,"Just my two cents, The website was neither good nor bad. Sharing this for other buyers.",Neutral
R4385,"Overall, The package was a bad experience because delivery took forever. Hope this review helps someone.",Negative
R4386,"The quality the staff were helpful, but had issues since the quality was poor.",Positive
R4387,"To be fair, My order was terrible because the staff were rude.",Negative
R4388,"After using it a while, This brand was about average. Hope this review helps someone.",Neutral
R4389,"So far, The website was a waste of money. Just my honest review.",Negative
R4390,"In my experience, The device was completely unsatisfactory because the setup was a nightmare. Overall that sums up my experience.",Negative
R4391,"Just my two cents, This brand was faulty because the staff were rude. Sharing this for other buyers.",Negative
R4392,"After using it a while, The website was neither good nor bad. Would consider buying again.",Positive
R4393,"The device was okay since everything worked smoothly, but the staff were rude.",Negative
R4394,"Just my two cents, The device performed really well. Overall that sums up my experience.",Positive
R4395,"All things considered, The service was top notch because the setup was simple. Overall that sums up my experience.",Positive
R4396,"Overall, The material was standard. Sharing this for other buyers.",Negative
R4397,"The product support responded quickly, but had issues since nothing worked smoothly.",Positive
R4398,"Overall, The service was excellent.",Neutral
R4399,"The service the setup was simple, but had issues since delivery took forever.",Positive
R4400,"After using it a while, The product was a great experience because the quality was great. Hope this review helps someone.",Positive
R4401,"Overall, This item was a bad experience. The setup was a nightmare. Overall that sums up my experience.",Negative
R4402,"The delivery had some good points like the setup was simple, but also some downsides like nothing worked smoothly. Mixed feelings overall.",Neutral
R4403,"Just my two cents, The app exceeded my expectations.",Positive
R4404,"Just my two cents, The quality was superb. The staff were helpful. Will update if anything changes.",Positive
R4405,"To be fair, The package was outstanding.",Positive
R4406,"In my experience, The service was top notch. Delivery was fast.",Positive
R4407,"Just my two cents, The quality was a disappointment. The quality was poor.",Negative
R4408,"Personally, The package was about average because some things worked, some did not. That is my honest take.",Neutral
R4409,"To be fair, The support team was completely unsatisfactory. The quality was poor. Would consider buying again.",Negative
R4410,"The quality had some good points like the price was fair, but also some downsides like it looked nothing like described. Mixed feelings overall.",Neutral
R4411,"After using it a while, The app was faulty. Would consider buying again.",Negative
R4412,"Just my two cents, The device worked as expected, nothing special because the packaging was fine.",Neutral
R4413,"The package had some good points like the price was fair, but also some downsides like it was hard to use. Mixed feelings overall.",Neutral
R4414,"To be fair, The quality was superb. The quality was great. Will update if anything changes.",Positive
R4415,"The device the staff were helpful, but had issues since it looked nothing like described.",Positive
R4416,"So far, Customer support worked flawlessly. Delivery was fast.",Positive
R4417,"To be fair, The product was a pleasant surprise. The packaging was excellent. Sharing this for other buyers.",Positive
R4418,"To be fair, The material was a waste of money. The setup was a nightmare. Overall that sums up my experience.",Negative
R4419,"The quality had some good points like everything worked smoothly, but also some downsides like the setup was a nightmare. Mixed feelings overall.",Neutral
R4420,"To be fair, The delivery was terrible. Delivery took forever. That is my honest take.",Negative
R4421,"After using it a while, The package met basic expectations. Some things worked, some did not. Just my honest review.",Neutral
R4422,"Just my two cents, The app was so-so. Will update if anything changes.",Neutral
R4423,"After using it a while, The package was completely unsatisfactory.",Negative
R4424,"In my experience, The website was about average. Some things worked, some did not.",Neutral
R4425,"In my experience, The package was a great experience because it was easy to use. Will update if anything changes.",Positive
R4426,"Customer support was okay since the setup was simple, but the price was not worth it.",Negative
R4427,"The quality had some good points like the staff were helpful, but also some downsides like it was hard to use. Mixed feelings overall.",Neutral
R4428,"All things considered, My order was a great experience. The price was fair. That is my honest take.",Positive
R4429,"Just my two cents, This item did the basic job.",Neutral
R4430,"Personally, This purchase stopped working fast.",Negative
R4431,"Personally, The service did the basic job. The quality was average. Hope this review helps someone.",Neutral
R4432,"Overall, The website was a waste of money. Nothing worked smoothly. Sharing this for other buyers.",Negative
R4433,"This item it was easy to use, but had issues since nothing worked smoothly.",Positive
R4434,"All things considered, My order fell apart quickly because the staff were rude. Overall that sums up my experience.",Negative
R4435,"Personally, The product was fine, nothing more because some things worked, some did not. Just my honest review.",Neutral
R4436,"Just my two cents, The material worked most of the time. Support responded eventually. Sharing this for other buyers.",Neutral
R4437,"This item had some good points like the quality was great, but also some downsides like the setup was a nightmare. Mixed feelings overall.",Neutral
R4438,"The material the price was fair, but had issues since it looked nothing like described.",Positive
R4439,"So far, Customer support worked most of the time. The setup took a normal amount of time. Sharing this for other buyers.",Neutral
R4440,"After using it a while, The device was a letdown because support never responded. Overall that sums up my experience.",Negative
R4441,"Just my two cents, This purchase made me very happy because it was easy to use. Will update if anything changes.",Positive
R4442,"Overall, The material was exactly what I needed because the staff were helpful. Sharing this for other buyers.",Positive
R4443,"The product had some good points like the packaging was excellent, but also some downsides like the quality was poor. Mixed feelings overall.",Neutral
R4444,"The service had some good points like the staff were helpful, but also some downsides like it looked nothing like described. Mixed feelings overall.",Neutral
R4445,"After using it a while, My order impressed me a lot because the packaging was excellent. Sharing this for other buyers.",Positive
R4446,"In my experience, This item was a waste of money. It was hard to use.",Negative
R4447,"Personally, This brand was fine, nothing more because support responded eventually. Hope this review helps someone.",Neutral
R4448,"In my experience, The device was standard because the setup took a normal amount of time. Hope this review helps someone.",Neutral
R4449,This item arrived damaged. Support never responded.,Negative
R4450,"So far, The material was faulty because nothing worked smoothly. Overall that sums up my experience.",Negative
R4451,"Overall, The support team was terrible. Just my honest review.",Negative
R4452,"The material support responded quickly, but had issues since delivery took forever.",Positive
R4453,"Overall, My order fell apart quickly. Hope this review helps someone.",Positive
R4454,"Overall, The support team was fine, nothing more. Hope this review helps someone.",Neutral
R4455,"Overall, The product worked perfectly. Delivery was fast.",Positive
R4456,My order was neither good nor bad. The staff were polite enough. Just my honest review.,Positive
R4457,"After using it a while, Customer support was okay because the price was fair for what it is. Hope this review helps someone.",Neutral
R4458,"Honestly, The app was so-so. Some things worked, some did not.",Neutral
R4459,This purchase worked flawlessly. Overall that sums up my experience.,Positive
R4460,"The package was okay since support responded quickly, but support never responded.",Negative
R4461,"Just my two cents, The website never worked properly because nothing worked smoothly.",Negative
R4462,"So far, The package was excellent because it looked exactly as described.",Positive
R4463,"Honestly, This brand was so-so because it mostly matched the description.",Neutral
R4464,"The package support responded quickly, but had issues since the price was not worth it.",Positive
R4465,"The website was okay since it looked exactly as described, but support never responded.",Negative
R4466,"Overall, This item was poor quality because nothing worked smoothly.",Negative
R4467,The package fell apart quickly because the staff were rude. Just my honest review.,Negative
R4468,"The device was okay since the staff were helpful, but nothing worked smoothly.",Negative
R4469,"After using it a while, This purchase stopped working fast. Overall that sums up my experience.",Negative
R4470,"Personally, The quality worked perfectly because support responded quickly. Will update if anything changes.",Positive
R4471,"The service had some good points like everything worked smoothly, but also some downsides like the quality was poor. Mixed feelings overall.",Neutral
R4472,"The quality the staff were helpful, but had issues since support never responded.",Positive
R4473,"The support team was okay since the price was fair, but the setup was a nightmare.",Negative
R4474,"To be fair, The app was superb.",Positive
R4475,"The support team the quality was great, but had issues since support never responded.",Positive
R4476,"The support team was okay since it was easy to use, but the staff were rude.",Negative
R4477,"Overall, The website was fantastic because the packaging was excellent. Will update if anything changes.",Positive
R4478,"To be fair, The support team met basic expectations because the staff were polite enough. Would consider buying again.",Neutral
R4479,"The product had some good points like the setup was simple, but also some downsides like the staff were rude. Mixed feelings overall.",Neutral
R4480,"In my experience, This purchase impressed me a lot.",Positive
R4481,"Honestly, The quality was excellent. Will update if anything changes.",Positive
R4482,"In my experience, The device worked perfectly. The setup was simple. That is my honest take.",Positive
R4483,"To be fair, The device was excellent. The setup was simple.",Positive
R4484,"Just my two cents, This brand was top notch. Hope this review helps someone.",Positive
R4485,"This item had some good points like the staff were helpful, but also some downsides like the price was not worth it. Mixed feelings overall.",Neutral
R4486,"Overall, My order was a waste of money because the quality was poor.",Negative
R4487,"The quality was okay since everything worked smoothly, but the quality was poor.",Negative
R4488,"Just my two cents, The device was defective. The quality was poor. Hope this review helps someone.",Negative
R4489,"Overall, My order worked as expected, nothing special because the packaging was fine. That is my honest take.",Neutral
R4490,"The service was okay since it was easy to use, but it was hard to use.",Negative
R4491,"The product it was easy to use, but had issues since it looked nothing like described.",Positive
R4492,"Personally, The package was a bad experience.",Negative
R4493,"Overall, My order was defective. It looked nothing like described. Hope this review helps someone.",Negative
R4494,"Honestly, The quality was standard. Sharing this for other buyers.",Neutral
R4495,"To be fair, The delivery was frustrating. Delivery took forever. Hope this review helps someone.",Neutral
R4496,"Honestly, The delivery exceeded my expectations because delivery was fast. Overall that sums up my experience.",Positive
R4497,"Just my two cents, The support team was neither good nor bad because delivery was on time. Hope this review helps someone.",Negative
R4498,"My order the packaging was excellent, but had issues since nothing worked smoothly.",Positive
R4499,"The package was okay since the quality was great, but the quality was poor.",Negative
R4500,"So far, The material worked as expected, nothing special. The price was fair for what it is.",Neutral
R4501,"So far, The service was so-so because the staff were polite enough. Will update if anything changes.",Neutral
R4502,This item was about average. Hope this review helps someone.,Neutral
R4503,"After using it a while, The quality was ordinary. The staff were polite enough. Would consider buying again.",Neutral
R4504,"My order was okay since the staff were helpful, but nothing worked smoothly.",Negative
R4505,"The package the packaging was excellent, but had issues since the staff were rude.",Positive
R4506,"Honestly, This item was excellent. Overall that sums up my experience.",Positive
R4507,"This purchase it was easy to use, but had issues since the packaging was damaged.",Positive
R4508,"The package was fine, nothing more. The staff were polite enough.",Neutral
R4509,The support team was reasonable.,Neutral
R4510,"Honestly, This purchase was better than expected.",Positive
R4511,"All things considered, The app was okay. The staff were polite enough.",Neutral
R4512,The material worked most of the time. The staff were polite enough. Overall that sums up my experience.,Neutral
R4513,"After using it a while, The package was top notch because everything worked smoothly.",Positive
R4514,"The quality had some good points like the price was fair, but also some downsides like delivery took forever. Mixed feelings overall.",Neutral
R4515,"Just my two cents, The material fell apart quickly because delivery took forever. Would consider buying again.",Negative
R4516,"To be fair, The app was a waste of money. The setup was a nightmare. Would consider buying again.",Negative
R4517,"All things considered, The material was ordinary because the packaging was fine. Hope this review helps someone.",Neutral
R4518,"So far, The delivery fell apart quickly. It was hard to use. Sharing this for other buyers.",Negative
R4519,"Personally, The website worked most of the time. The staff were polite enough.",Neutral
R4520,"The service had some good points like delivery was fast, but also some downsides like the price was not worth it. Mixed feelings overall.",Neutral
R4521,"Honestly, The product was completely unsatisfactory. Just my honest review.",Negative
R4522,"The quality the staff were helpful, but had issues since delivery took forever.",Positive
R4523,"My order was okay since delivery was fast, but it looked nothing like described.",Negative
R4524,The product was completely unsatisfactory. The staff were rude. Will update if anything changes.,Negative
R4525,"So far, The app did not work as expected.",Negative
R4526,"Overall, The service was better than expected because the packaging was excellent. Just my honest review.",Positive
R4527,"All things considered, The package was top notch. That is my honest take.",Positive
R4528,"My order had some good points like the quality was great, but also some downsides like the price was not worth it. Mixed feelings overall.",Neutral
R4529,"The app had some good points like it looked exactly as described, but also some downsides like the staff were rude. Mixed feelings overall.",Neutral
R4530,The quality performed really well because support responded quickly.,Positive
R4531,"The service was okay since it looked exactly as described, but delivery took forever.",Negative
R4532,"Just my two cents, The material made me very happy. Just my honest review.",Positive
R4533,"The quality everything worked smoothly, but had issues since the quality was poor.",Negative
R4534,"All things considered, The delivery was terrible because it looked nothing like described.",Negative
R4535,"So far, The website was okay. The price was fair for what it is. Sharing this for other buyers.",Neutral
R4536,"In my experience, The product was excellent. The staff were helpful. Hope this review helps someone.",Positive
R4537,"All things considered, The support team was neither good nor bad. That is my honest take.",Positive
R4538,"The quality delivery was fast, but had issues since the quality was poor.",Positive
R4539,"So far, The material was a great experience. Everything worked smoothly. Will update if anything changes.",Positive
R4540,"Overall, This brand made me very happy. Overall that sums up my experience.",Positive
